imdbID,Title,Year,Rating10,WatchedDate,Review
tt0050083,12 Angry Men,1957,10,2014-06-21,
tt0062622,2001: A Space Odyssey,1968,10,2014-06-21,
tt0053198,The 400 Blows,1959,10,2014-06-21,
tt0068182,Aguirre: The Wrath of God,1972,10,2016-02-08,
tt0071141,Ali: Fear Eats the Soul,1974,10,2014-09-18,
tt0082010,An American Werewolf in London,1981,10,2014-06-23,
tt0071502,Arabian Nights,1974,10,2018-01-27,
tt0201450,Bang Bang,1971,10,2014-06-29,
tt0040522,Bicycle Thieves,1948,10,2014-08-24,
tt0060176,Blow-Up,1966,10,2016-06-28,
tt0118749,Boogie Nights,1997,10,2014-06-21,
tt0053472,Breathless,1960,10,2016-02-07,
tt0075793,C'eravamo tanto amati,1974,10,2014-10-19,
tt0067647,The Canterbury Tales,1972,10,2018-02-04,
tt0021749,City Lights,1931,10,2014-06-28,
tt0379217,Coffee and Cigarettes,2003,10,2015-01-25,
tt0071360,The Conversation,1974,10,2014-06-21,
tt0069945,Dark Star,1974,10,2016-12-04,
tt0097165,Dead Poets Society,1989,10,2014-06-21,
tt1028528,Death Proof,2007,10,2014-06-22,
tt0065622,The Decameron,1971,10,2018-01-31,
tt0090967,Down by Law,1986,10,2014-06-21,
tt0057012,Dr. Strangelove or: How I Learned to Stop Worrying and Love the Bomb,1964,10,2014-06-21,
tt0074455,Eaten Alive,1977,10,2020-01-20,
tt0074486,Eraserhead,1977,10,2014-06-21,
tt0070047,The Exorcist,1973,10,2014-06-22,
tt0056732,The Exterminating Angel,1962,10,2014-06-21,
tt0072962,F for Fake,1973,10,2015-06-05,
tt0116282,Fargo,1996,10,2016-12-23,
tt0059170,"Faster, Pussycat! Kill! Kill!",1965,10,2014-06-23,
tt0083946,Fitzcarraldo,1982,10,2018-02-07,
tt0027652,Fury,1936,10,2014-06-22,
tt0165798,Ghost Dog:  The Way of the Samurai,1999,10,2016-07-19,
tt0427312,Grizzly Man,2005,10,2018-02-03,
tt0107048,Groundhog Day,1993,10,2014-06-21,
tt0056058,Harakiri,1962,10,2018-01-07,
tt0071275,Kidnapped,1974,10,2014-06-22,
tt0030341,The Lady Vanishes,1938,10,2021-06-27,
tt0056194,The Loneliness of the Long Distance Runner,1962,10,2016-02-07,
tt0022100,M,1931,10,2015-04-06,
tt0076155,The Man Who Loved Women,1977,10,2014-06-29,
tt4580372,Merlí,2015,10,2018-06-23,
tt0071853,Monty Python and the Holy Grail,1975,10,2014-06-21,
tt0063350,Night of the Living Dead,1968,10,2014-06-21,
tt0079641,Nosferatu the Vampyre,1979,10,2014-06-23,
tt0290978,The Office,2001,10,2016-01-11,
tt0386676,The Office,2005,10,2016-01-11,
tt0064116,Once Upon a Time in the West,1968,10,2014-06-22,
tt0058430,Onibaba,1964,10,2014-06-21,
tt0076517,Padre padrone,1977,10,2014-09-09,
tt6751668,Parasite,2019,10,2019-09-16,
tt0060827,Persona,1966,10,2014-06-21,
tt0138704,Pi,1998,10,2014-06-21,
tt0069089,Pink Flamingos,1972,10,2016-02-15,
tt0042876,Rashomon,1950,10,2016-07-14,
tt0047396,Rear Window,1954,10,2014-06-21,
tt0105236,Reservoir Dogs,1992,10,2014-06-21,
tt0062229,Le Samouraï,1967,10,2015-06-05,
tt0050976,The Seventh Seal,1957,10,2014-06-21,
tt0081505,The Shining,1980,10,2014-06-21,
tt0057495,Shock Corridor,1963,10,2014-07-13,
tt0095468,A Short Film About Killing,1988,10,2016-05-29,
tt0095467,A Short Film About Love,1988,10,2016-05-28,
tt0248654,Six Feet Under,2001,10,2016-01-11,
tt0141842,The Sopranos,1999,10,2016-01-11,
tt0076740,Sorcerer,1977,10,2014-06-22,
tt0245429,Spirited Away,2001,10,2014-06-21,
tt0088184,Stranger Than Paradise,1984,10,2014-06-21,
tt0075276,Stroszek,1977,10,2017-12-19,
tt0091830,Summer,1986,10,2016-07-03,
tt0092048,Tampopo,1985,10,2021-06-06,
tt0075314,Taxi Driver,1976,10,2014-06-21,
tt0072271,The Texas Chainsaw Massacre,1974,10,2014-06-22,
tt0057578,This Sporting Life,1963,10,2016-02-22,
tt0067866,El Topo,1970,10,2014-06-21,
tt0114709,Toy Story,1995,10,2014-06-21,
tt0057427,The Trial,1962,10,2014-06-22,
tt0098936,Twin Peaks,1990,10,2021-01-24,
tt4093826,Twin Peaks,2017,10,2021-02-28,
tt0067893,Two-Lane Blacktop,1971,10,2016-08-07,
tt0046268,The Wages of Fear,1953,10,2020-07-30,
tt0381707,White Chicks,2004,10,2014-06-22,
tt0070917,The Wicker Man,1973,10,2019-10-20,
tt0306414,The Wire,2002,10,2016-01-11,
tt0078243,36th Chamber of Shaolin,1978,9,2020-12-31,
tt0054599,Accattone,1961,9,2018-01-25,
tt0051102,All the Boys Are Called Patrick,1959,9,2018-01-01,
tt5210324,Almacenados,2015,9,2017-11-26,
tt0106308,Army of Darkness,1993,9,2014-06-22,
tt2762506,Bacurau,2019,9,2019-08-17,
tt0057869,Band of Outsiders,1964,9,2019-01-27,
tt0067656,A Bay of Blood,1971,9,2020-02-01,
tt0068264,Ben,1972,9,2019-10-06,
tt3032476,Better Call Saul,2015,9,2021-05-25,
tt0118715,The Big Lebowski,1998,9,2014-06-21,
tt0056869,The Birds,1963,9,2014-06-21,
tt0082085,Blow Out,1981,9,2014-08-24,
tt0020697,The Blue Angel,1930,9,2018-01-21,
tt0903747,Breaking Bad,2008,9,2016-01-11,
tt0412019,Broken Flowers,2005,9,2015-01-26,
tt0163563,Bullet Ballet,1998,9,2014-06-22,
tt0064115,Butch Cassidy and the Sundance Kid,1969,9,2014-06-22,
tt0154420,The Celebration,1998,9,2018-02-08,
tt7366338,Chernobyl,2019,9,2019-06-14,
tt0055852,Cleo from 5 to 7,1962,9,2018-02-12,
tt0066921,A Clockwork Orange,1971,9,2014-06-21,
tt0091251,Come and See,1985,9,2016-02-06,
tt0063633,The Cremator,1969,9,2016-02-10,
tt0090888,Crossroads,1986,9,2018-09-16,
tt0077402,Dawn of the Dead,1978,9,2014-06-21,
tt0036506,Day of Wrath,1943,9,2018-02-25,
tt0085407,The Dead Zone,1983,9,2014-06-22,
tt0068473,Deliverance,1972,9,2014-06-22,
tt0089013,Demons,1985,9,2014-06-23,
tt0053772,The Devil's Eye,1960,9,2016-01-28,
tt0046911,Diabolique,1955,9,2020-07-21,
tt3521126,The Disaster Artist,2017,9,2018-01-28,
tt0780504,Drive,2011,9,2014-06-21,
tt0075968,The Duellists,1977,9,2016-01-28,
tt0071691,The Enigma of Kaspar Hauser,1974,9,2018-02-12,
tt0082340,Escape from New York,1981,9,2014-06-21,
tt0120907,eXistenZ,1999,9,2014-06-21,
tt0068575,Fat City,1972,9,2014-06-22,
tt0061655,The Fearless Vampire Killers,1967,9,2014-06-21,
tt0058461,A Fistful of Dollars,1964,9,2014-06-21,
tt0065724,Five Easy Pieces,1970,9,2014-06-22,
tt0091064,The Fly,1986,9,2014-06-21,
tt0059578,For a Few Dollars More,1965,9,2014-06-21,
tt0995832,Generation Kill,2008,9,2016-10-11,
tt0131409,Geri's Game,1997,9,2014-06-29,
tt5052448,Get Out,2017,9,2017-04-23,
tt0068646,The Godfather,1972,9,2014-06-22,
tt0071562,The Godfather: Part II,1974,9,2014-06-21,
tt0060196,"The Good, the Bad and the Ugly",1966,9,2014-06-21,
tt0099685,Goodfellas,1990,9,2014-06-23,
tt0119237,Gummo,1997,9,2015-11-25,
tt0068699,High Plains Drifter,1973,9,2015-02-16,
tt0156610,The Hole,1998,9,2018-12-26,
tt2076220,Holy Motors,2012,9,2018-04-30,
tt0071615,The Holy Mountain,1973,9,2014-06-21,
tt0063759,Hour of the Wolf,1968,9,2014-06-23,
tt1172994,The House of the Devil,2009,9,2020-01-19,
tt0347149,Howl's Moving Castle,2004,9,2016-04-23,
tt2106476,The Hunt,2012,9,2019-12-15,
tt0044741,Ikiru,1952,9,2017-03-13,
tt0057197,Jason and the Argonauts,1963,9,2020-06-02,
tt0055032,Jules and Jim,1962,9,2015-02-23,
tt0107290,Jurassic Park,1993,9,2014-06-21,
tt0113540,Kids,1995,9,2016-07-17,
tt0049406,The Killing,1956,9,2015-03-01,
tt0099939,King of New York,1990,9,2014-09-27,
tt0122136,Kuroneko,1968,9,2014-06-21,
tt0110413,Léon: The Professional,1994,9,2014-06-21,
tt0015064,The Last Laugh,1924,9,2018-01-22,
tt7984734,The Lighthouse,2019,9,2019-12-26,
tt0116922,Lost Highway,1997,9,2016-06-29,
tt0040558,Macbeth,1948,9,2016-01-28,
tt1392190,Mad Max: Fury Road,2015,9,2018-04-16,
tt0103905,Man Bites Dog,1992,9,2014-06-21,
tt0049902,A Man Escaped,1956,9,2014-06-21,
tt0133093,The Matrix,1999,9,2014-06-21,
tt0209144,Memento,2001,9,2018-07-28,
tt0166924,Mulholland Drive,2001,9,2015-03-29,
tt0097940,Mystery Train,1989,9,2014-06-29,
tt0102536,Night on Earth,1991,9,2014-07-06,
tt0477348,No Country for Old Men,2007,9,2014-06-21,
tt0073486,One Flew Over the Cuckoo's Nest,1975,9,2014-06-21,
tt0087884,"Paris, Texas",1984,9,2016-12-20,
tt0019254,The Passion of Joan of Arc,1928,9,2015-02-08,
tt0050825,Paths of Glory,1957,9,2015-03-01,
tt0056322,Payer of Promises,1962,9,2021-11-29,
tt0071487,Phantom of Liberty,1974,9,2014-06-21,
tt0082933,Possession,1981,9,2017-03-05,
tt0054215,Psycho,1960,9,2014-06-21,
tt0089881,Ran,1985,9,2016-06-30,
tt0144782,The Red Light Bandit,1968,9,2014-07-05,
tt0087995,Repo Man,1984,9,2020-10-11,
tt0054248,Rocco and His Brothers,1960,9,2018-04-01,
tt0075148,Rocky,1976,9,2014-06-21,
tt0368226,The Room,2003,9,2014-06-23,
tt0040746,Rope,1948,9,2014-06-28,
tt0047445,Sansho the Bailiff,1954,9,2018-12-29,
tt0446029,Scott Pilgrim vs. the World,2010,9,2014-06-21,
tt0060955,Seconds,1966,9,2016-10-17,
tt0057490,The Servant,1963,9,2020-07-19,
tt0047478,Seven Samurai,1954,9,2015-02-16,
tt0365748,Shaun of the Dead,2004,9,2014-06-21,
tt0066104,She Killed in Ecstasy,1971,9,2019-11-02,
tt0054389,Shoot the Piano Player,1960,9,2014-08-24,
tt1706620,Snowpiercer,2014,9,2020-04-12,
tt0092005,Stand by Me,1986,9,2019-01-19,
tt0076786,Suspiria,1977,9,2014-09-10,
tt0365830,Tenacious D in The Pick of Destiny,2006,9,2014-06-21,
tt0074811,The Tenant,1976,9,2014-06-21,
tt0096251,Tetsuo: The Iron Man,1989,9,2014-06-28,
tt0096256,They Live,1988,9,2014-06-21,
tt0083190,Thief,1981,9,2014-06-22,
tt0084787,The Thing,1982,9,2014-06-21,
tt0000417,A Trip to the Moon,1902,9,2016-01-28,
tt0182060,Turkish Star Wars,1982,9,2014-06-28,
tt5727208,Uncut Gems,2019,9,2020-02-03,
tt0067927,Vanishing Point,1971,9,2014-06-23,
tt0086541,Videodrome,1983,9,2014-06-21,
tt0056663,Vivre Sa Vie,1962,9,2018-02-10,
tt0080120,The Warriors,1979,9,2019-07-08,
tt0093191,Wings of Desire,1987,9,2018-02-05,
tt0057358,Winter Light,1963,9,2015-02-08,
tt4263482,The Witch,2016,9,2021-01-07,
tt0070904,World on a Wire,1973,9,2018-01-26,
tt0080149,Woyzeck,1979,9,2018-02-05,
tt4372240,78/52,2017,8,2018-07-04,
tt0056801,8½,1963,8,2015-12-27,
tt0112288,The Addiction,1995,8,2017-11-03,
tt0058898,Alphaville,1965,8,2016-01-20,
tt0144084,American Psycho,2000,8,2014-06-21,
tt0165623,Angst,1983,8,2019-01-05,
tt5221584,Aquarius,2016,8,2017-01-25,
tt0085180,L'argent,1983,8,2018-02-25,
tt4288182,Atlanta,2016,8,2021-03-14,
tt0103759,Bad Lieutenant,1992,8,2015-07-12,
tt0095801,Bagdad Cafe,1987,8,2020-06-25,
tt0015648,Battleship Potemkin,1925,8,2014-06-22,
tt0209933,Beau Travail,1999,8,2016-02-06,
tt0381681,Before Sunset,2004,8,2014-12-28,
tt0249462,Billy Elliot,2000,8,2014-06-21,
tt0065143,The Bird with the Crystal Plumage,1970,8,2021-08-15,
tt2562232,Birdman,2014,8,2019-07-27,
tt0947798,Black Swan,2010,8,2014-06-22,
tt7349662,BlacKkKlansman,2018,8,2018-12-30,
tt0083658,Blade Runner,1982,8,2014-06-21,
tt0185937,The Blair Witch Project,1999,8,2014-06-21,
tt0090756,Blue Velvet,1986,8,2021-02-17,
tt0080455,The Blues Brothers,1980,8,2014-06-21,
tt0086994,Boy Meets Girl,1984,8,2016-03-28,
tt0088846,Brazil,1985,8,2016-12-07,
tt0088847,The Breakfast Club,1985,8,2015-03-08,
tt0026138,Bride of Frankenstein,1935,8,2016-01-28,
tt0037558,Brief Encounter,1945,8,2016-01-27,
tt0074252,Brutti sporchi e cattivi,1976,8,2016-04-08,
tt0387898,Caché,2005,8,2018-07-28,
tt0080491,Caligula,1979,8,2016-01-28,
tt0407621,Calvaire,2004,8,2020-12-28,
tt0101540,Cape Fear,1991,8,2014-06-22,
tt0112641,Casino,1995,8,2021-10-17,
tt0020530,Un Chien Andalou,1929,8,2014-06-28,
tt8359848,Climax,2018,8,2020-07-23,
tt0097108,"The Cook, the Thief, His Wife, and Her Lover",1989,8,2016-04-25,
tt1480656,Cosmopolis,2012,8,2014-06-22,
tt0115964,Crash,1996,8,2015-06-06,
tt0069467,Cries and Whispers,1972,8,2018-01-27,
tt0123755,Cube,1997,8,2014-06-29,
tt0285492,Cube 2: Hypercube,2002,8,2014-06-29,
tt0129023,Dark Harbor,1998,8,2021-06-06,
tt0088993,Day of the Dead,1985,8,2014-06-22,
tt0103873,Dead Alive,1992,8,2014-06-23,
tt0112817,Dead Man,1995,8,2015-01-25,
tt0094964,Dead Ringers,1988,8,2017-01-28,
tt0066122,Deep End,1970,8,2014-06-22,
tt0073582,Deep Red,1975,8,2017-07-10,
tt0101700,Delicatessen,1991,8,2014-06-22,
tt0435625,The Descent,2005,8,2014-06-21,
tt0215575,Le Diable noir,1905,8,2018-02-02,
tt0068361,The Discreet Charm of the Bourgeoisie,1972,8,2017-12-21,
tt0060315,Django,1966,8,2021-11-28,
tt1853728,Django Unchained,2012,8,2014-06-21,
tt0072890,Dog Day Afternoon,1975,8,2014-06-21,
tt0072895,Dolemite,1975,8,2020-02-02,
tt0062909,Dracula Has Risen from the Grave,1968,8,2021-07-18,
tt0079116,Escape from Alcatraz,1979,8,2014-06-28,
tt1561768,Essential Killing,2010,8,2021-01-01,
tt0083907,The Evil Dead,1981,8,2014-06-21,
tt0120663,Eyes Wide Shut,1999,8,2014-06-21,
tt0100263,La Femme Nikita,1990,8,2014-06-21,
tt0060125,For Love and Gold,1966,8,2016-01-06,
tt0021884,Frankenstein,1931,8,2015-03-22,
tt0116367,From Dusk Till Dawn,1996,8,2014-06-21,
tt0878674,Garage,2007,8,2018-12-27,
tt0113568,Ghost in the Shell,1995,8,2018-12-21,
tt0087332,Ghostbusters,1984,8,2020-12-27,
tt0095244,Gorod Zero,1988,8,2020-07-24,
tt0032553,The Great Dictator,1940,8,2014-06-21,
tt0063032,The Great Silence,1968,8,2015-08-02,
tt6742252,The Guilty,2018,8,2021-05-03,
tt0077651,Halloween,1978,8,2014-06-22,
tt5834204,The Handmaid's Tale,2017,8,2021-03-11,
tt4016934,The Handmaiden,2016,8,2016-12-27,
tt0147612,Happiness,1998,8,2014-06-28,
tt3460252,The Hateful Eight,2015,8,2018-07-17,
tt0093177,Hellraiser,1987,8,2014-06-21,
tt1798709,Her,2013,8,2019-01-28,
tt0044706,High Noon,1952,8,2015-11-08,
tt0338095,High Tension,2003,8,2014-06-21,
tt0077681,The Hills Have Eyes,1977,8,2020-12-23,
tt0052893,Hiroshima mon amour,1959,8,2021-05-17,
tt0099785,Home Alone,1990,8,2014-06-21,
tt0051554,Horror of Dracula,1958,8,2021-03-04,
tt0468492,The Host,2006,8,2014-06-21,
tt0082533,The Howling,1981,8,2021-04-18,
tt0023634,"I Was Born, But...",1932,8,2015-11-26,
tt0077729,In a Year of 13 Moons,1978,8,2017-12-20,
tt0076191,The Incredible Melting Man,1977,8,2014-06-23,
tt0050539,The Incredible Shrinking Man,1957,8,2018-02-19,
tt2096673,Inside Out,2015,8,2019-01-03,
tt0077745,Invasion of the Body Snatchers,1978,8,2014-06-22,
tt0065889,Investigation of a Citizen Above Suspicion,1970,8,2018-07-18,
tt1396484,It,2017,8,2018-07-24,
tt7349950,It Chapter Two,2019,8,2019-09-10,
tt3235888,It Follows,2015,8,2020-12-18,
tt0073195,Jaws,1975,8,2014-06-23,
tt2911666,John Wick,2014,8,2018-12-27,
tt4425200,John Wick: Chapter 2,2017,8,2019-01-05,
tt6146586,John Wick: Chapter 3 - Parabellum,2019,8,2019-05-18,
tt0067277,Johnny Got His Gun,1971,8,2014-06-23,
tt0054632,Last Year at Marienbad,1961,8,2014-07-06,
tt0079470,Life of Brian,1979,8,2014-06-21,
tt0037017,Lifeboat,1944,8,2014-06-29,
tt0449059,Little Miss Sunshine,2006,8,2014-06-21,
tt0064616,Macunaíma,1969,8,2014-06-28,
tt0054047,The Magnificent Seven,1960,8,2014-06-21,
tt0116996,Mars Attacks!,1996,8,2014-06-21,
tt1029234,Martyrs,2008,8,2014-06-23,
tt0072913,Master of the Flying Guillotine,1975,8,2014-06-22,
tt8702008,A Mata Negra,2018,8,2020-11-01,
tt0427582,The Method,2005,8,2020-12-22,
tt0017136,Metropolis,1927,8,2015-06-15,
tt0200849,My Best Fiend -- Klaus Kinski,1999,8,2018-02-12,
tt0096283,My Neighbor Totoro,1988,8,2020-08-03,
tt0064612,My Night at Maud's,1969,8,2015-03-30,
tt2190367,Neighbouring Sounds,2012,8,2020-08-06,
tt0107688,The Nightmare Before Christmas,1993,8,2014-06-29,
tt0364569,Oldboy,2003,8,2014-06-21,
tt0087843,Once Upon a Time in America,1984,8,2015-06-30,
tt1714915,Only Lovers Left Alive,2014,8,2016-07-23,
tt0070511,Papillon,1973,8,2014-06-21,
tt0073580,The Passenger,1975,8,2020-12-28,
tt5247022,Paterson,2016,8,2017-08-06,
tt0054167,Peeping Tom,1960,8,2018-02-26,
tt0084488,Permanent Vacation,1980,8,2017-06-12,
tt0254686,The Piano Teacher,2001,8,2016-02-14,
tt0053168,Pickpocket,1959,8,2014-10-12,
tt0070568,Property Is No Longer a Theft,1973,8,2018-05-02,
tt0110912,Pulp Fiction,1994,8,2014-06-21,
tt0089885,Re-Animator,1985,8,2014-06-29,
tt2861424,Rick and Morty,2013,8,2018-12-13,
tt0093870,RoboCop,1987,8,2014-06-21,
tt0076637,Rolling Thunder,1977,8,2014-06-22,
tt0063522,Rosemary's Baby,1968,8,2014-06-21,
tt0014429,Safety Last!,1923,8,2014-06-22,
tt0073650,"Salò, or The 120 Days Of Sodom",1975,8,2014-06-22,
tt0098253,Santa sangre,1989,8,2017-07-19,
tt0076666,Saturday Night Fever,1977,8,2014-06-21,
tt0081455,Scanners,1981,8,2014-06-22,
tt0332379,School of Rock,2003,8,2014-06-21,
tt1305806,The Secret in Their Eyes,2009,8,2019-01-17,
tt0073705,Shivers,1975,8,2014-06-28,
tt0086320,Sleepaway Camp,1983,8,2019-09-16,
tt0058458,The Soft Skin,1964,8,2015-02-22,
tt0069293,Solaris,1972,8,2015-06-28,
tt0166808,Sombre,1998,8,2014-06-22,
tt5363618,Sound of Metal,2020,8,2020-12-16,
tt0054331,Spartacus,1960,8,2018-07-26,
tt2101441,Spring Breakers,2013,8,2014-06-22,
tt0079944,Stalker,1979,8,2014-06-21,
tt1034415,Suspiria,2018,8,2019-02-16,
tt4034354,Swiss Army Man,2016,8,2016-10-24,
tt0469494,There Will Be Blood,2007,8,2014-06-21,
tt0088258,This Is Spinal Tap,1984,8,2014-06-21,
tt0090163,Threads,1984,8,2021-02-20,
tt0088263,Thriller,1983,8,2015-02-08,
tt0066434,THX 1138,1971,8,2014-06-28,
tt0204700,Trouble Every Day,2001,8,2018-01-06,
tt0120382,The Truman Show,1998,8,2014-06-21,
tt0105665,Twin Peaks: Fire Walk with Me,1992,8,2021-01-30,
tt0045274,Umberto D.,1952,8,2015-12-20,
tt0105695,Unforgiven,1992,8,2014-06-24,
tt0862467,Valhalla Rising,2010,8,2015-06-21,
tt0052357,Vertigo,1958,8,2014-06-21,
tt0114852,Village of the Damned,1995,8,2014-06-28,
tt0055601,Viridiana,1961,8,2015-03-22,
tt2582802,Whiplash,2014,8,2015-03-02,
tt0084899,White Dog,1982,8,2014-06-23,
tt0050986,Wild Strawberries,1957,8,2018-02-15,
tt0067991,Willard,1971,8,2019-10-06,
tt0993846,The Wolf of Wall Street,2013,8,2019-01-28,
tt0055630,Yojimbo,1961,8,2016-07-24,
tt1038988,[Rec],2007,7,2014-06-21,
tt0077559,The 5 Deadly Venoms,1978,7,2020-12-30,
tt0088680,After Hours,1985,7,2014-09-15,
tt0094625,Akira,1988,7,2014-06-21,
tt0078748,Alien,1979,7,2014-06-22,
tt1602620,Amour,2012,7,2019-01-25,
tt0092563,Angel Heart,1987,7,2014-06-23,
tt0090644,Anguish,1987,7,2021-10-05,
tt0077975,Animal House,1978,7,2014-06-22,
tt2798920,Annihilation,2018,7,2021-01-18,
tt10288566,Another Round,2020,7,2021-03-29,
tt1180329,Antoine et Colette,1962,7,2015-03-29,
tt0082479,Antropophagus: The Grim Reaper,1980,7,2019-07-18,
tt0078788,Apocalypse Now,1979,7,2014-06-21,
tt2870612,"As Above, So Below",2014,7,2016-12-23,
tt0235198,Audition,1999,7,2014-06-21,
tt3890160,Baby Driver,2017,7,2020-09-06,
tt0092610,Bad Taste,1987,7,2014-06-28,
tt0083624,Basket Case,1982,7,2018-12-23,
tt0266308,Battle Royale,2000,7,2014-06-21,
tt0799934,Be Kind Rewind,2008,7,2014-06-22,
tt2209418,Before Midnight,2013,7,2016-02-01,
tt0112471,Before Sunrise,1995,7,2014-12-28,
tt0120601,Being John Malkovich,1999,7,2014-06-21,
tt0103793,Benny's Video,1992,7,2018-01-07,
tt0094747,Bird,1988,7,2014-06-28,
tt0104779,Bitter Moon,1992,7,2019-09-24,
tt1825683,Black Panther,2018,7,2018-03-03,
tt0051418,The Blob,1958,7,2021-11-13,
tt0310793,Bowling for Columbine,2002,7,2014-06-22,
tt0053677,The Brides of Dracula,1960,7,2021-06-20,
tt0186508,Buena Vista Social Club,1999,7,2021-10-18,
tt0082118,The Burning,1981,7,2020-06-12,
tt0340468,Bus 174,2002,7,2014-06-28,
tt0078935,Cannibal Holocaust,1980,7,2014-06-22,
tt1692486,Carnage,2011,7,2016-12-23,
tt6468322,La casa de papel,2017,7,2018-12-03,
tt0162222,Cast Away,2000,7,2014-06-21,
tt0109592,Cemetery Man,1994,7,2015-02-16,
tt0071315,Chinatown,1974,7,2014-06-28,
tt1705786,Chinese Take Away,2011,7,2018-07-21,
tt0085333,Christine,1983,7,2014-06-28,
tt0033467,Citizen Kane,1941,7,2014-06-21,
tt0065772,Claire's Knee,1970,7,2015-04-21,
tt0066919,La Classe operaia va in paradiso,1971,7,2018-04-22,
tt0077355,Coma,1978,7,2020-05-31,
tt5631456,Como Nossos Pais,2017,7,2020-03-22,
tt1598778,Contagion,2011,7,2020-04-12,
tt0057345,Contempt,1963,7,2015-02-21,
tt0074360,Cría cuervos,1976,7,2020-12-30,
tt0375679,Crash,2005,7,2014-06-21,
tt0080569,Cruising,1980,7,2014-09-18,
tt0085382,Cujo,1983,7,2016-03-29,
tt1285240,Dans ton sommeil,2010,7,2021-02-11,
tt5753856,Dark,2017,7,2020-07-15,
tt7286916,The Dawn Wall,2017,7,2020-12-15,
tt1278340,Dead Snow,2009,7,2014-06-23,
tt0072856,Death Race 2000,1975,7,2014-06-23,
tt0068972,Death Smiles on a Murderer,1973,7,2021-09-23,
tt0071402,Death Wish,1974,7,2014-06-21,
tt0075931,Demon Seed,1977,7,2018-05-22,
tt0407887,The Departed,2006,7,2014-06-21,
tt0066999,Dirty Harry,1971,7,2014-06-21,
tt0280609,Dog Soldiers,2002,7,2018-12-26,
tt0053779,La Dolce vita,1960,7,2016-07-18,
tt8526872,Dolemite Is My Name,2019,7,2020-01-30,
tt0059127,Dracula: Prince of Darkness,1966,7,2021-06-20,
tt1127180,Drag Me to Hell,2009,7,2014-06-21,
tt0309987,The Dreamers,2004,7,2016-02-28,
tt0079083,Die Dritte Generation,1979,7,2016-02-25,
tt0067023,Duel,1971,7,2014-06-21,
tt0080678,The Elephant Man,1980,7,2014-06-21,
tt0055052,The End of Summer,1961,7,2018-07-08,
tt1191111,Enter the Void,2010,7,2015-11-24,
tt0082334,The Entity,1981,7,2015-10-22,
tt0116225,Escape from L.A.,1996,7,2014-06-21,
tt1039960,Estômago,2007,7,2018-07-30,
tt0338013,Eternal Sunshine of the Spotless Mind,2004,7,2019-06-02,
tt0092991,Evil Dead II,1987,7,2014-06-21,
tt0470752,Ex Machina,2015,7,2021-05-20,
tt0106856,Falling Down,1993,7,2014-06-29,
tt0083944,First Blood,1982,7,2014-06-21,
tt1907668,Flight,2012,7,2020-05-10,
tt0080749,The Fog,1980,7,2014-06-23,
tt0109830,Forrest Gump,1994,7,2014-06-21,
tt2347569,Frances Ha,2013,7,2018-12-09,
tt0463998,Freedom Writers,2007,7,2020-06-21,
tt0082427,The Funhouse,1981,7,2020-05-31,
tt0119167,Funny Games,1997,7,2019-01-24,
tt0808279,Funny Games,2008,7,2014-06-21,
tt0327451,Garotas do ABC,2003,7,2014-07-27,
tt1343097,The Girl Who Kicked the Hornet's Nest,2010,7,2014-09-15,
tt1216487,The Girl Who Played with Fire,2010,7,2014-09-15,
tt1132620,The Girl with the Dragon Tattoo,2009,7,2014-06-22,
tt0099674,The Godfather: Part III,1990,7,2014-06-21,
tt0831387,Godzilla,2014,7,2018-07-29,
tt5034838,Godzilla vs. Kong,2021,7,2021-04-02,
tt3741700,Godzilla: King of the Monsters,2019,7,2019-06-09,
tt2267998,Gone Girl,2014,7,2021-04-03,
tt0053134,Good Morning,1959,7,2016-07-05,
tt1502407,Halloween,2018,7,2021-03-13,
tt10665338,Halloween Kills,2021,7,2021-10-31,
tt1411697,The Hangover Part II,2011,7,2014-06-22,
tt1119646,The Hangover,2009,7,2014-06-22,
tt0073092,Hard Times,1975,7,2014-06-28,
tt9506474,The Hater,2020,7,2020-11-09,
tt0074626,Heart of Glass,1976,7,2018-02-18,
tt4267026,Hell House LLC,2015,7,2021-06-29,
tt0091203,Highlander,1986,7,2015-12-22,
tt0104431,Home Alone 2: Lost in New York,1992,7,2014-06-21,
tt12749596,Host,2020,7,2021-05-22,
tt0425112,Hot Fuzz,2007,7,2014-06-21,
tt1530509,Human Centipede II (Full Sequence),2011,7,2021-02-21,
tt0157016,I Stand Alone,1998,7,2019-01-07,
tt0113409,In the Mouth of Madness,1994,7,2014-06-28,
tt1375666,Inception,2010,7,2018-12-30,
tt0317705,The Incredibles,2004,7,2014-06-21,
tt0460829,Inland Empire,2006,7,2020-11-22,
tt0816692,Interstellar,2014,7,2019-01-03,
tt0110148,Interview with the Vampire: The Vampire Chronicles,1994,7,2014-06-22,
tt4846318,Into the Inferno,2016,7,2016-12-13,
tt0095379,Intruder,1989,7,2020-09-20,
tt0290673,Irreversible,2002,7,2015-02-22,
tt0099864,It,1990,7,2014-06-22,
tt0038650,It's a Wonderful Life,1946,7,2021-12-05,
tt0119396,Jackie Brown,1997,7,2014-06-21,
tt0113497,Jumanji,1995,7,2014-06-21,
tt0266697,Kill Bill: Volume 1,2003,7,2014-06-21,
tt0378194,Kill Bill: Volume 2,2004,7,2014-06-21,
tt8420184,The Last Dance,2020,7,2021-07-23,
tt0107387,Leprechaun,1993,7,2019-06-28,
tt0110357,The Lion King,1994,7,2014-06-21,
tt5439796,Logan Lucky,2017,7,2020-05-30,
tt0025423,The Lost Patrol,1934,7,2021-11-11,
tt0064588,Love Is Colder Than Death,1969,7,2015-12-21,
tt0985694,Machete,2010,7,2014-06-23,
tt1050160,The Machine Girl,2008,7,2014-06-29,
tt0079501,Mad Max,1979,7,2014-06-23,
tt6041030,Mad World,2016,7,2018-10-15,
tt1329396,Mangue Negro,2008,7,2014-06-23,
tt2759548,Mar Negro,2013,7,2018-02-04,
tt7653254,Marriage Story,2019,7,2020-01-17,
tt0085959,The Meaning of Life,1983,7,2014-06-21,
tt1235841,Medianeras,2011,7,2018-07-19,
tt1527186,Melancholia,2011,7,2016-04-25,
tt9415632,Merlí. Sapere Aude,2019,7,2021-11-19,
tt7605922,Mi obra maestra,2018,7,2020-04-26,
tt0100157,Misery,1990,7,2014-06-22,
tt0884328,The Mist,2007,7,2014-06-21,
tt0027977,Modern Times,1936,7,2014-06-22,
tt0333937,Mommy Mommy Where's My Brain,1986,7,2017-03-20,
tt0050706,Mon oncle,1958,7,2016-03-20,
tt0300214,Morvern Callar,2002,7,2016-03-28,
tt4158110,Mr. Robot,2015,7,2016-11-20,
tt0145100,A Mulher de Todos,1969,7,2014-07-28,
tt0089606,My Life as a Dog,1985,7,2016-12-21,
tt0110632,Natural Born Killers,1994,7,2014-06-28,
tt0093608,Nekromantik,1987,7,2014-06-22,
tt1974419,The Neon Demon,2016,7,2017-03-19,
tt2872718,Nightcrawler,2014,7,2021-09-27,
tt0087800,A Nightmare on Elm Street,1984,7,2014-06-22,
tt0199813,Ninja Checkmate,1979,7,2021-01-07,
tt2153364,A Noite do Chupacabras,2011,7,2014-06-23,
tt0151804,Office Space,1999,7,2020-04-11,
tt0075005,The Omen,1976,7,2014-06-21,
tt5822138,One Against All,2016,7,2020-08-18,
tt1602613,Only God Forgives,2013,7,2016-01-28,
tt3854234,"El patrón, radiografía de un crimen",2014,7,2017-07-25,
tt0105121,The People Under the Stairs,1991,7,2014-06-28,
tt0098084,Pet Sematary,1989,7,2014-06-21,
tt0059592,Pierrot le fou,1965,7,2016-12-12,
tt0285906,Pistol Opera,2001,7,2018-12-23,
tt0052077,Plan 9 from Outer Space,1959,7,2014-06-23,
tt1077258,Planet Terror,2007,7,2014-06-22,
tt0093773,Predator,1987,7,2014-06-21,
tt0093777,Prince of Darkness,1987,7,2014-06-21,
tt0119698,Princess Mononoke,1997,7,2020-06-21,
tt0042871,Rabbit of Seville,1950,7,2014-09-15,
tt0081398,Raging Bull,1980,7,2014-06-21,
tt0382932,Ratatouille,2007,7,2014-06-21,
tt0178868,Ring,1998,7,2015-12-22,
tt0093894,The Running Man,1987,7,2021-03-31,
tt0091670,The Sacrifice,1986,7,2017-12-31,
tt0086250,Scarface,1983,7,2014-06-22,
tt0117571,Scream,1996,7,2014-06-22,
tt0076686,The Serpent's Egg,1977,7,2014-06-28,
tt0126029,Shrek,2001,7,2014-06-21,
tt1130884,Shutter Island,2010,7,2014-06-21,
tt0286106,Signs,2002,7,2014-06-21,
tt0090021,Silver Bullet,1985,7,2016-07-14,
tt8165086,Sintonia,2019,7,2021-02-01,
tt1189073,The Skin I Live In,2011,7,2016-12-19,
tt0084695,The Slumber Party Massacre,1982,7,2021-09-16,
tt0070622,Sssssss,1973,7,2016-07-14,
tt3791302,Standing Tall,2015,7,2016-12-20,
tt0120201,Starship Troopers,1997,7,2014-06-22,
tt0062695,Stolen Kisses,1968,7,2015-03-29,
tt0038991,The Stranger,1946,7,2015-03-01,
tt0067800,Straw Dogs,1971,7,2015-12-30,
tt0115940,A Summer's Tale,1996,7,2018-10-01,
tt3671480,Szabadesés,2014,7,2018-01-09,
tt1183732,Tôkyô zankoku keisatsu,2008,7,2014-06-29,
tt0410730,Taxidermia,2006,7,2018-12-21,
tt0780622,Teeth,2008,7,2015-12-26,
tt0063678,Teorema,1968,7,2018-03-05,
tt0103064,Terminator 2: Judgment Day,1991,7,2014-06-21,
tt0041959,The Third Man,1949,7,2014-06-21,
tt1245492,This Is the End,2013,7,2014-06-23,
tt0072285,Thriller: A Cruel Picture,1974,7,2014-06-22,
tt11823076,Tiger King,2020,7,2021-11-14,
tt0090180,To Live and Die in L.A.,1985,7,2014-06-22,
tt1859650,To Rome with Love,2012,7,2016-12-07,
tt0075334,To the Devil a Daughter,1976,7,2016-01-04,
tt0114690,Tokyo Fist,1995,7,2014-06-28,
tt0046438,Tokyo Story,1953,7,2015-07-27,
tt0090190,The Toxic Avenger,1984,7,2014-06-29,
tt0117951,Trainspotting,1996,7,2015-02-02,
tt0100814,Tremors,1990,7,2018-09-09,
tt3754940,Truman,2015,7,2020-09-06,
tt0069967,Two Men in Town,1973,7,2021-03-30,
tt0459011,Um Pistoleiro Chamado Papaco,1986,7,2016-01-28,
tt1588895,Uncle Boonmee Who Can Recall His Past Lives,2010,7,2016-02-19,
tt1441395,Under the Skin,2014,7,2014-07-27,
tt9815454,Unorthodox,2020,7,2020-04-05,
tt0084854,Venom,1981,7,2020-06-07,
tt0290329,Visitor Q,2001,7,2014-06-22,
tt0067541,Wake in Fright,1971,7,2021-01-10,
tt0094291,Wall Street,1987,7,2016-12-25,
tt0475784,Westworld,2016,7,2021-08-03,
tt2132324,White Elephant,2012,7,2018-07-31,
tt0064285,The Wild Child,1970,7,2019-01-29,
tt0067992,Willy Wonka &amp; the Chocolate Factory,1971,7,2014-06-21,
tt0061037,The Witches,1967,7,2018-12-26,
tt0032138,The Wizard of Oz,1939,7,2014-06-22,
tt0055572,A Woman Is a Woman,1961,7,2018-02-12,
tt0072417,A Woman Under the Influence,1974,7,2014-09-18,
tt0070948,Zardoz,1974,7,2014-06-29,
tt0086637,Zelig,1983,7,2016-10-26,
tt0087803,1984,1984,6,2021-08-02,
tt0080319,9 to 5,1980,6,2021-05-02,
tt0086650,À nos amours,1983,6,2014-11-02,
tt0211915,Amélie,2001,6,2015-11-27,
tt2543164,Arrival,2016,6,2017-03-01,
tt2716190,Arrombada - Vou Mijar na Porra do Seu Túmulo,2007,6,2014-06-23,
tt0053619,L'avventura,1960,6,2017-07-09,
tt0449467,Babel,2006,6,2014-06-21,
tt0088763,Back to the Future,1985,6,2014-06-21,
tt0096874,Back to the Future Part II,1989,6,2014-06-21,
tt0099088,Back to the Future Part III,1990,6,2014-06-21,
tt0054460,The Bad Sleep Well,1960,6,2018-01-21,
tt0249380,Baise-moi,2000,6,2015-02-22,
tt6412452,The Ballad of Buster Scruggs,2018,6,2018-11-17,
tt0374526,Batman: Dead End,2003,6,2014-06-29,
tt0065651,Bed &amp; Board,1970,6,2015-02-22,
tt0082307,The Beyond,1981,6,2020-01-13,
tt0072709,Black Moon,1975,6,2019-01-16,
tt2278871,Blue Is the Warmest Color,2013,6,2015-02-15,
tt9243946,El Camino: A Breaking Bad Movie,2019,6,2019-10-29,
tt0264464,Catch Me If You Can,2002,6,2014-06-21,
tt0087050,Children of the Corn,1984,6,2016-01-28,
tt0082198,Conan the Barbarian,1982,6,2014-06-28,
tt0087078,Conan the Destroyer,1984,6,2014-06-28,
tt0082235,Dark Night of the Scarecrow,1981,6,2020-11-21,
tt3137630,David Brent: Life on the Road,2016,6,2020-11-22,
tt0308152,Dead End,2003,6,2015-05-27,
tt0089003,Death Wish 3,1985,6,2014-06-28,
tt0092857,Death Wish 4: The Crackdown,1987,6,2014-06-28,
tt0082250,Death Wish II,1982,6,2014-06-21,
tt0109578,Death Wish V: The Face of Death,1994,6,2014-06-28,
tt0773262,Dexter,2006,6,2016-01-11,
tt1379182,Dogtooth,2009,6,2014-06-29,
tt4160708,Don't Breathe,2016,6,2020-09-08,
tt0246578,Donnie Darko,2001,6,2014-06-21,
tt0064256,O Dragão da Maldade contra o Santo Guerreiro,1969,6,2018-12-10,
tt1331307,Dread,2009,6,2021-02-09,
tt0023969,Duck Soup,1933,6,2015-03-22,
tt1555149,Elite Squad: The Enemy Within,2010,6,2014-06-28,
tt0095088,"Elvira, Mistress of the Dark",1988,6,2020-04-19,
tt0494224,End of the Line,2006,6,2014-06-21,
tt0812243,Ex Drummer,2007,6,2018-07-20,
tt0060390,Fahrenheit 451,1966,6,2019-01-21,
tt0445965,Feed,2005,6,2014-06-28,
tt0266543,Finding Nemo,2003,6,2014-06-21,
tt0087291,Frankenweenie,1984,6,2016-01-11,
tt0080761,Friday the 13th,1980,6,2015-08-24,
tt9102084,Fried Barry,2020,6,2020-07-26,
tt0093058,Full Metal Jacket,1987,6,2014-06-21,
tt0039417,Germany Year Zero,1948,6,2018-03-12,
tt1107816,Giallo,2009,6,2014-06-23,
tt1205489,Gran Torino,2008,6,2014-06-21,
tt0462322,Grindhouse,2007,6,2014-06-21,
tt8503618,Hamilton,2020,6,2021-01-02,
tt1728196,Hara-Kiri: Death of a Samurai,2011,6,2016-12-08,
tt0093185,The Hidden,1987,6,2020-02-24,
tt2891070,Hippocrates: Diary of a French Doctor,2014,6,2016-12-20,
tt9345754,Hogar,2020,6,2020-04-04,
tt0102057,Hook,1991,6,2014-06-21,
tt0076162,House,1977,6,2020-08-10,
tt4003440,The House That Jack Built,2018,6,2021-01-10,
tt0077713,I Spit on Your Grave,1978,6,2014-06-22,
tt7939766,I'm Thinking of Ending Things,2020,6,2020-09-28,
tt0296042,Ichi the Killer,2001,6,2014-06-21,
tt0059311,Incubus,1965,6,2014-06-22,
tt0097576,Indiana Jones and the Last Crusade,1989,6,2014-06-21,
tt0361748,Inglourious Basterds,2009,6,2014-06-22,
tt1675434,Intouchables,2011,6,2014-06-22,
tt0024184,The Invisible Man,1933,6,2020-07-16,
tt1302006,The Irishman,2019,6,2021-10-03,
tt0099871,Jacob's Ladder,1990,6,2020-01-05,
tt1742044,Jersey Boys,2014,6,2019-08-05,
tt0070239,Jesus Christ Superstar,1973,6,2014-06-22,
tt1250777,Kick-Ass,2010,6,2014-06-21,
tt1650554,Kick-Ass 2,2013,6,2014-06-23,
tt0012349,The Kid,1921,6,2014-06-28,
tt1764234,Killing Them Softly,2012,6,2021-12-09,
tt0087566,Klassenverhältnisse,1984,6,2018-01-06,
tt0085809,Koyaanisqatsi,1982,6,2016-10-14,
tt0081019,Kuruizaki sanda rodo,1980,6,2018-01-06,
tt0451094,Lady Vengeance,2005,6,2018-08-13,
tt0095497,The Last Temptation of Christ,1988,6,2014-06-21,
tt7935392,Limbo,2019,6,2020-04-25,
tt0404203,Little Children,2006,6,2020-07-26,
tt0127948,Le Locataire diabolique,1909,6,2018-02-02,
tt0057261,Lord of the Flies,1963,6,2021-07-10,
tt0078771,Love on the Run,1979,6,2015-03-29,
tt2531336,Lupin,2021,6,2021-07-02,
tt0361862,The Machinist,2004,6,2014-06-22,
tt0051365,The Magician,1958,6,2016-01-28,
tt0367859,The Man Who Copied,2003,6,2014-06-23,
tt8110232,The Many Saints of Newark,2021,6,2021-10-10,
tt5451244,The Motive,2017,6,2018-09-09,
tt0067454,Multiple Maniacs,1970,6,2016-03-20,
tt0054130,La Notte,1961,6,2018-02-14,
tt1937390,Nymphomaniac: Volume 1,2013,6,2014-06-22,
tt2382009,Nymphomaniac: Volume 2,2013,6,2014-06-28,
tt0063376,Oedipus the King,1968,6,2015-05-27,
tt4508902,One Punch Man,2015,6,2018-12-27,
tt6341832,Oxygen,2021,6,2021-05-14,
tt1266020,Parks and Recreation,2009,6,2021-05-19,
tt0765469,The Past,2007,6,2019-12-01,
tt0396171,Perfume: The Story of a Murderer,2006,6,2014-06-21,
tt0087909,Phenomena,1985,6,2014-06-22,
tt0183649,Phone Booth,2003,6,2014-06-21,
tt0069090,Pink Floyd: Live at Pompeii,1972,6,2016-07-13,
tt0102685,Point Break,1991,6,2014-06-23,
tt0059646,Repulsion,1965,6,2014-06-23,
tt0180093,Requiem for a Dream,2000,6,2014-08-24,
tt8633478,Run,2020,6,2021-04-12,
tt7557108,Saint Maud,2020,6,2021-02-22,
tt0387564,Saw,2004,6,2014-06-22,
tt0120082,Scream 2,1997,6,2014-06-21,
tt0134084,Scream 3,2000,6,2014-06-21,
tt0114369,Se7en,1995,6,2014-06-21,
tt1019452,A Serious Man,2009,6,2014-06-21,
tt0070085,Sex & Fury,1973,6,2014-06-23,
tt5580390,The Shape of Water,2017,6,2018-03-19,
tt0091954,Sid and Nancy,1986,6,2020-07-19,
tt3544112,Sing Street,2016,6,2016-12-17,
tt4093700,The Space in Between: Marina Abramovic and Brazil,2016,6,2018-01-14,
tt0278731,Spider,2002,6,2014-06-22,
tt4633694,Spider-Man: Into the Spider-Verse,2018,6,2019-05-02,
tt0096160,Splendor,1989,6,2016-05-10,
tt3829378,Stephanie,2017,6,2020-12-28,
tt1398426,Straight Outta Compton,2015,6,2021-09-07,
tt0805625,Sun Scarred,2006,6,2018-12-24,
tt0829482,Superbad,2007,6,2014-06-21,
tt10675724,The Swarm,2020,6,2021-09-06,
tt0097106,A Tale of Springtime,1990,6,2021-08-30,
tt0274155,Tanguy,2001,6,2019-11-02,
tt8731138,Temporada,2018,6,2019-05-13,
tt0105569,Tetsuo II: Body Hammer,1992,6,2017-07-27,
tt4105970,They Look Like People,2015,6,2021-10-04,
tt0117894,Thinner,1996,6,2016-07-14,
tt0098486,Der Todesking,1990,6,2020-03-15,
tt0435761,Toy Story 3,2010,6,2014-06-22,
tt1979376,Toy Story 4,2019,6,2019-06-25,
tt0006177,The Tramp,1915,6,2014-06-28,
tt1740707,Troll Hunter,2010,6,2014-06-22,
tt2404465,Troop Zero,2019,6,2020-04-10,
tt0094226,The Untouchables,1987,6,2014-06-23,
tt2105044,V/H/S,2012,6,2021-07-04,
tt8783532,La vie scolaire,2019,6,2020-04-19,
tt3567288,The Visit,2015,6,2021-09-07,
tt0066530,Viva La Muerte,1971,6,2018-12-29,
tt3011894,Wild Tales,2014,6,2017-11-22,
tt0120524,Wishmaster,1997,6,2020-01-12,
tt0080057,Zombie,1979,6,2014-06-22,
tt1156398,Zombieland,2009,6,2021-10-11,
tt0114746,12 Monkeys,1995,5,2021-01-05,
tt6214928,1922,2017,5,2017-10-27,
tt0389722,30 Days of Night,2007,5,2014-06-22,
tt0101272,The Addams Family,1991,5,2014-06-21,
tt0159241,Aftermath,1994,5,2021-02-21,
tt0043274,Alice in Wonderland,1951,5,2015-02-16,
tt0086879,Amadeus,1984,5,2014-06-23,
tt0169547,American Beauty,1999,5,2014-06-21,
tt0120586,American History X,1998,5,2014-06-21,
tt3532216,American Made,2017,5,2020-05-02,
tt0137439,An Autumn Tale,1998,5,2016-08-21,
tt0808151,Angels & Demons,2009,5,2014-06-22,
tt0870984,Antichrist,2009,5,2014-06-21,
tt0118636,Apt Pupil,1998,5,2014-06-21,
tt6938828,At Eternity's Gate,2018,5,2019-06-23,
tt4154796,Avengers: Endgame,2019,5,2019-04-27,
tt4154756,Avengers: Infinity War,2018,5,2018-04-28,
tt0094721,Beetlejuice,1988,5,2014-06-28,
tt8132700,Behind the Curve,2018,5,2020-05-31,
tt1596363,The Big Short,2015,5,2020-11-24,
tt2085059,Black Mirror,2011,5,2016-01-20,
tt0861689,Blindness,2008,5,2014-06-21,
tt2132285,The Bling Ring,2013,5,2014-06-28,
tt13143964,Borat Subsequent Moviefilm,2020,5,2020-10-24,
tt0443453,Borat: Cultural Learnings of America for Make Benefit Glorious Nation of Kazakhstan,2006,5,2014-06-22,
tt2781832,The Borderlands,2013,5,2021-09-28,
tt3183630,The Boy and the World,2013,5,2017-04-18,
tt0010323,The Cabinet of Dr. Caligari,1920,5,2014-06-22,
tt0260776,Camera,2000,5,2014-06-28,
tt0293007,Carandiru,2003,5,2014-06-23,
tt0206634,Children of Men,2006,5,2019-01-03,
tt8364368,Crawl,2019,5,2021-02-08,
tt6343314,Creed 2,2018,5,2019-02-02,
tt13837672,Crime Scene: The Vanishing at the Cecil Hotel,2021,5,2021-07-17,
tt0077394,Damien: Omen II,1978,5,2014-06-28,
tt0099365,Darkman,1990,5,2014-06-22,
tt1137450,Death Wish,2018,5,2020-06-12,
tt0093113,Django Strikes Again,1987,5,2021-11-28,
tt1160419,Dune,2021,5,2021-11-08,
tt1020530,Eden Lake,2008,5,2018-12-23,
tt0099487,Edward Scissorhands,1990,5,2014-06-21,
tt0861739,Elite Squad,2007,5,2014-06-28,
tt0119081,Event Horizon,1997,5,2014-06-21,
tt0109779,Fatherland,1994,5,2018-01-26,
tt0072979,Female Trouble,1974,5,2016-07-05,
tt1703199,Grave Encounters,2010,5,2021-09-24,
tt6763664,The Haunting of Hill House,2018,5,2018-11-20,
tt1221141,The Headless Woman,2008,5,2018-12-12,
tt0095294,Hellbound: Hellraiser II,1988,5,2014-06-29,
tt1454029,The Help,2011,5,2018-07-29,
tt7784604,Hereditary,2018,5,2018-07-06,
tt0399146,A History of Violence,2005,5,2014-06-28,
tt0903624,The Hobbit: An Unexpected Journey,2012,5,2021-06-19,
tt2310332,The Hobbit: The Battle of the Five Armies,2014,5,2021-06-21,
tt1170358,The Hobbit: The Desolation of Smaug,2013,5,2021-06-21,
tt14404280,Homunculus,2021,5,2021-05-24,
tt0892769,How to Train Your Dragon,2010,5,2021-05-02,
tt1646971,How to Train Your Dragon 2,2014,5,2021-05-02,
tt2386490,How to Train Your Dragon: The Hidden World,2019,5,2021-05-02,
tt1467304,The Human Centipede (First Sequence),2010,5,2014-06-23,
tt0116583,The Hunchback of Notre Dame,1996,5,2014-06-22,
tt5503686,Hustlers,2019,5,2020-05-07,
tt0070235,I Will Walk Like A Crazy Horse,1973,5,2018-12-12,
tt2084970,The Imitation Game,2014,5,2021-01-02,
tt2400463,The Invitation,2015,5,2018-07-28,
tt0154683,Jigoku,1960,5,2017-03-12,
tt6485928,The Land of Steady Habits,2018,5,2018-09-17,
tt0938283,The Last Airbender,2010,5,2020-06-21,
tt0089489,Lifeforce,1985,5,2016-12-21,
tt0087622,The Lift,1983,5,2020-08-10,
tt0120737,The Lord of the Rings: The Fellowship of the Ring,2001,5,2014-06-21,
tt0167260,The Lord of the Rings: The Return of the King,2003,5,2014-06-21,
tt0167261,The Lord of the Rings: The Two Towers,2002,5,2014-06-21,
tt4459912,Luna de miel,2015,5,2020-03-29,
tt3811906,Malignant,2021,5,2021-10-02,
tt0081114,Maniac,1980,5,2020-10-03,
tt0119654,Men in Black,1997,5,2014-06-21,
tt8772262,Midsommar,2019,5,2019-09-30,
tt1548850,Misfits,2009,5,2016-01-29,
tt5109784,Mother!,2017,5,2018-02-17,
tt3168230,Mr. Holmes,2015,5,2018-07-27,
tt0408306,Munich,2005,5,2014-06-21,
tt0102511,Naked Lunch,1991,5,2014-06-21,
tt0930083,Noroi,2005,5,2021-06-29,
tt1352388,Nude Nuns with Big Guns,2010,5,2014-06-23,
tt0240772,Ocean's Eleven,2001,5,2014-06-21,
tt0496806,Ocean's Thirteen,2007,5,2014-06-21,
tt0349903,Ocean's Twelve,2004,5,2014-06-21,
tt1395135,Okaruto,2009,5,2021-10-17,
tt10954652,Old,2021,5,2021-09-17,
tt7131622,Once Upon a Time in Hollywood,2019,5,2019-08-25,
tt1663662,Pacific Rim,2013,5,2015-12-22,
tt1659337,The Perks of Being a Wallflower,2012,5,2021-04-17,
tt0084503,Pink Floyd The Wall,1982,5,2016-01-28,
tt0449088,Pirates of the Caribbean: At World's End,2007,5,2014-06-21,
tt0383574,Pirates of the Caribbean: Dead Man's Chest,2006,5,2014-06-21,
tt0325980,Pirates of the Caribbean: The Curse of the Black Pearl,2003,5,2014-06-21,
tt8228288,The Platform,2019,5,2020-03-23,
tt0084516,Poltergeist,1982,5,2014-06-23,
tt2395421,The Priest's Children,2013,5,2019-11-03,
tt5049302,The Priests,2015,5,2017-07-18,
tt0093779,The Princess Bride,1987,5,2020-09-05,
tt1152836,Public Enemies,2009,5,2014-06-29,
tt0082971,Raiders of the Lost Ark,1981,5,2014-06-21,
tt0479143,Rocky Balboa,2006,5,2014-06-21,
tt0079817,Rocky II,1979,5,2014-06-22,
tt0100507,Rocky V,1990,5,2014-06-22,
tt3748528,Rogue One: A Star Wars Story,2016,5,2021-01-03,
tt3170832,Room,2015,5,2021-01-17,
tt6610158,Rust Creek,2018,5,2021-09-13,
tt0036400,Sanshiro Sugata,1943,5,2014-06-23,
tt0175142,Scary Movie,2000,5,2014-06-21,
tt2012011,Scenic Route,2013,5,2016-12-18,
tt2724064,Sharknado,2013,5,2016-01-28,
tt1475582,Sherlock,2010,5,2016-01-11,
tt0298148,Shrek 2,2004,5,2014-06-21,
tt0102926,The Silence of the Lambs,1991,5,2014-06-21,
tt1045658,Silver Linings Playbook,2012,5,2014-06-21,
tt0401792,Sin City,2005,5,2014-06-21,
tt0045152,Singin' in the Rain,1952,5,2014-06-21,
tt7142506,Sir,2018,5,2019-06-07,
tt3205376,Slow West,2015,5,2018-11-11,
tt3153634,So-Won,2013,5,2016-12-09,
tt3778644,Solo: A Star Wars Story,2018,5,2021-01-25,
tt2948372,Soul,2020,5,2021-01-02,
tt0117705,Space Jam,1996,5,2014-06-21,
tt0111257,Speed,1994,5,2014-06-21,
tt6320628,Spider-Man: Far from Home,2019,5,2019-07-09,
tt2250912,Spider-Man: Homecoming,2017,5,2018-01-13,
tt0076759,Star Wars: Episode IV - A New Hope,1977,5,2014-06-21,
tt0080684,Star Wars: Episode V - The Empire Strikes Back,1980,5,2014-06-21,
tt2527336,Star Wars: Episode VIII - The Last Jedi,2017,5,2017-12-18,
tt9203694,Stowaway,2021,5,2021-05-21,
tt4574334,Stranger Things,2016,5,2018-04-10,
tt5112578,Super Dark Times,2017,5,2018-01-26,
tt6304046,Thelma,2017,5,2021-01-06,
tt0762073,Thirst,2009,5,2018-11-11,
tt0108394,Three Colors: Blue,1993,5,2016-05-28,
tt0061107,Torn Curtain,1966,5,2014-06-28,
tt0120363,Toy Story 2,1999,5,2014-06-21,
tt5700672,Train to Busan,2016,5,2017-07-18,
tt8169552,Turma da Mônica: Laços,2019,5,2019-07-18,
tt1809398,Unbroken,2014,5,2021-01-03,
tt1642665,Urban Explorer,2011,5,2020-12-13,
tt0259711,Vanilla Sky,2001,5,2014-06-22,
tt6266538,Vice,2018,5,2021-06-13,
tt0368447,The Village,2004,5,2014-06-21,
tt4255304,The Void,2016,5,2021-10-31,
tt5215952,The Wailing,2016,5,2021-11-09,
tt0409459,Watchmen,2009,5,2014-06-22,
tt0119588,The Wax Mask,1997,5,2020-04-19,
tt1242460,We Need to Talk About Kevin,2011,5,2014-06-22,
tt1149362,The White Ribbon,2009,5,2015-06-29,
tt2543472,Wonder,2017,5,2018-06-24,
tt1542344,127 Hours,2010,4,2014-06-22,
tt0883995,13 Beloved,2006,4,2016-12-19,
tt0450385,1408,2007,4,2014-06-21,
tt0289043,28 Days Later,2002,4,2014-06-21,
tt4922804,3%,2016,4,2017-01-11,
tt8242160,4 latas,2019,4,2019-07-21,
tt0405422,The 40-Year-Old Virgin,2005,4,2014-06-21,
tt0212720,A.I. Artificial Intelligence,2001,4,2014-06-21,
tt0983193,The Adventures of Tintin,2011,4,2014-06-22,
tt0103639,Aladdin,1992,4,2014-06-28,
tt0248667,Ali,2001,4,2014-06-22,
tt0090605,Aliens,1986,4,2015-12-22,
tt0075666,Alucarda,1978,4,2016-01-28,
tt0118607,Amistad,1997,4,2014-06-28,
tt0328832,The Animatrix,2003,4,2014-06-21,
tt0472043,Apocalypto,2006,4,2014-06-23,
tt0112384,Apollo 13,1995,4,2014-06-21,
tt0993840,Army of the Dead,2021,4,2021-05-24,
tt0274348,As Aventuras da Turma da Mônica,1982,4,2014-06-28,
tt0119822,As Good As It Gets,1997,4,2014-06-21,
tt0443680,The Assassination of Jesse James by the Coward Robert Ford,2007,4,2014-06-21,
tt5133308,At the End of the Tunnel,2016,4,2019-07-22,
tt0295178,Austin Powers in Goldmember,2002,4,2014-06-21,
tt0145660,Austin Powers:  The Spy Who Shagged Me,1999,4,2014-06-29,
tt0118655,Austin Powers: International Man of Mystery,1997,4,2014-06-21,
tt0271383,O Auto da Compadecida,2000,4,2014-06-22,
tt0848228,The Avengers,2012,4,2014-06-22,
tt0338751,The Aviator,2004,4,2014-06-21,
tt0112431,Babe,1995,4,2014-06-21,
tt0096895,Batman,1989,4,2014-06-21,
tt2125435,Beasts of the Southern Wild,2012,4,2014-06-21,
tt0268978,A Beautiful Mind,2001,4,2014-06-21,
tt0052618,Ben-Hur,1959,4,2014-06-29,
tt1322277,Besouro,2009,4,2016-01-28,
tt0096933,Black Rain,1989,4,2014-06-22,
tt0258463,The Bourne Identity,2002,4,2014-06-21,
tt0372183,The Bourne Supremacy,2004,4,2014-06-21,
tt0440963,The Bourne Ultimatum,2007,4,2014-06-21,
tt0388795,Brokeback Mountain,2005,4,2014-06-22,
tt0120623,A Bug's Life,1998,4,2014-06-21,
tt0887883,Burn After Reading,2008,4,2014-06-21,
tt0115798,The Cable Guy,1996,4,2020-05-11,
tt0379725,Capote,2005,4,2014-06-22,
tt3498820,Captain America: Civil War,2016,4,2016-05-29,
tt0458339,Captain America: The First Avenger,2011,4,2014-06-21,
tt0381061,Casino Royale,2006,4,2014-06-21,
tt0140888,Central Station,1998,4,2014-06-28,
tt11651780,Choked,2020,4,2020-07-16,
tt0317248,City of God,2002,4,2014-06-21,
tt0075860,Close Encounters of the Third Kind,1977,4,2014-06-21,
tt0118883,Conspiracy Theory,1997,4,2014-06-21,
tt0387131,The Constant Gardener,2005,4,2014-06-22,
tt0139948,O Corintiano,1967,4,2014-06-29,
tt0121164,Corpse Bride,2005,4,2014-06-21,
tt0409847,Cowboys & Aliens,2011,4,2014-06-28,
tt3076658,Creed,2015,4,2019-01-23,
tt2428170,Creep,2014,4,2018-02-04,
tt3654796,Creep 2,2017,4,2018-02-04,
tt0083767,Creepshow,1982,4,2020-02-02,
tt0109506,The Crow,1994,4,2014-06-21,
tt1924245,Cry Macho,2021,4,2021-11-08,
tt0421715,The Curious Case of Benjamin Button,2008,4,2014-06-21,
tt0382625,The Da Vinci Code,2006,4,2014-06-21,
tt0099348,Dances with Wolves,1990,4,2014-06-22,
tt0810819,The Danish Girl,2015,4,2016-02-17,
tt0468569,The Dark Knight,2008,4,2014-06-21,
tt1314655,Devil,2010,4,2014-06-28,
tt6883152,The Devil and Father Amorth,2018,4,2018-07-24,
tt0118971,Devil's Advocate,1997,4,2014-06-21,
tt0095016,Die Hard,1988,4,2014-06-22,
tt0800325,The Dirt,2019,4,2021-09-17,
tt0918927,Doubt,2008,4,2014-06-28,
tt0363163,Downfall,2004,4,2014-06-29,
tt0087182,Dune,1984,4,2014-06-21,
tt0083866,E.T. the Extra-Terrestrial,1982,4,2014-06-22,
tt0064276,Easy Rider,1969,4,2014-06-22,
tt0120917,The Emperor's New Groove,2000,4,2014-06-22,
tt7846844,Enola Holmes,2020,4,2020-11-09,
tt0070034,Enter the Dragon,1973,4,2014-06-21,
tt0238380,Equilibrium,2002,4,2014-06-22,
tt0404032,The Exorcism of Emily Rose,2005,4,2014-06-29,
tt1764651,The Expendables 2,2012,4,2014-06-22,
tt3183660,Fantastic Beasts and Where to Find Them,2016,4,2017-07-30,
tt4123430,Fantastic Beasts: The Crimes of Grindelwald,2018,4,2021-04-11,
tt6566576,Fear Street Part One: 1994,2021,4,2021-07-15,
tt9701942,Fear Street Part Three: 1666,2021,4,2021-07-17,
tt9701940,Fear Street Part Two: 1978,2021,4,2021-07-15,
tt0426459,Feast,2005,4,2014-06-29,
tt0091042,Ferris Bueller's Day Off,1986,4,2014-06-21,
tt0137523,Fight Club,1999,4,2014-06-21,
tt0068767,Fist of Fury,1972,4,2014-06-28,
tt0418689,Flags of Our Fathers,2006,4,2014-06-28,
tt0432291,The Fog,2005,4,2014-06-22,
tt0022913,Freaks,1932,4,2016-01-28,
tt11337862,Friends: The Reunion,2021,4,2021-08-30,
tt4771896,The Fury of a Patient Man,2016,4,2019-07-30,
tt0217505,Gangs of New York,2002,4,2014-06-21,
tt0172495,Gladiator,2000,4,2014-06-21,
tt0113189,GoldenEye,1995,4,2014-06-21,
tt1454468,Gravity,2013,4,2014-06-21,
tt0120689,The Green Mile,1999,4,2014-06-21,
tt4062536,Green Room,2016,4,2018-10-15,
tt0074597,The Gumball Rally,1976,4,2019-07-22,
tt0427327,Hairspray,2007,4,2018-03-18,
tt0993842,Hanna,2011,4,2015-02-16,
tt0212985,Hannibal,2001,4,2014-06-21,
tt0295297,Harry Potter and the Chamber of Secrets,2002,4,2014-06-21,
tt0926084,Harry Potter and the Deathly Hallows: Part 1,2010,4,2014-06-21,
tt1201607,Harry Potter and the Deathly Hallows: Part 2,2011,4,2014-06-21,
tt0330373,Harry Potter and the Goblet of Fire,2005,4,2014-06-21,
tt0417741,Harry Potter and the Half-Blood Prince,2009,4,2014-06-23,
tt0373889,Harry Potter and the Order of the Phoenix,2007,4,2014-06-21,
tt0304141,Harry Potter and the Prisoner of Azkaban,2004,4,2014-06-21,
tt0241527,Harry Potter and the Sorcerer's Stone,2001,4,2014-06-22,
tt8707374,Hell House LLC II: The Abaddon Hotel,2018,4,2021-07-03,
tt0099763,Henry: Portrait of a Serial Killer,1986,4,2014-06-22,
tt0119282,Hercules,1997,4,2014-06-23,
tt1267319,Home Movie,2008,4,2021-09-24,
tt0097523,"Honey, I Shrunk the Kids",1989,4,2014-06-21,
tt0395169,Hotel Rwanda,2004,4,2014-06-28,
tt0170016,How the Grinch Stole Christmas,2000,4,2014-06-22,
tt0970179,Hugo,2011,4,2014-06-22,
tt1951264,The Hunger Games: Catching Fire,2013,4,2014-06-21,
tt0174856,The Hurricane,1999,4,2014-06-28,
tt3004746,I Am Here,2014,4,2020-05-31,
tt0268380,Ice Age,2002,4,2014-06-22,
tt0438097,Ice Age: The Meltdown,2006,4,2014-06-22,
tt0012304,The Idle Class,1921,4,2014-06-28,
tt0052918,Imitation of Life,1959,4,2015-05-27,
tt1637688,In Time,2011,4,2014-06-21,
tt1723124,Inbred,2011,4,2014-06-23,
tt0087469,Indiana Jones and the Temple of Doom,1984,4,2014-06-21,
tt0856288,Inside,2007,4,2016-10-12,
tt0758758,Into the Wild,2007,4,2015-02-28,
tt1051906,The Invisible Man,2020,4,2020-03-28,
tt0399201,The Island,2005,4,2014-06-22,
tt0116683,James and the Giant Peach,1996,4,2014-06-22,
tt6857988,Je ne suis pas un homme facile,2018,4,2018-07-21,
tt0191208,O Jeca Contra o Capeta,1976,4,2014-06-29,
tt0178657,Jeca Tatu,1959,4,2014-06-29,
tt0486358,Jesus Camp,2006,4,2016-01-29,
tt0116705,Jingle All the Way,1996,4,2014-06-28,
tt0061852,The Jungle Book,1967,4,2014-06-28,
tt0467406,Juno,2007,4,2014-06-21,
tt0087538,The Karate Kid,1984,4,2014-06-21,
tt4900018,Keith Richards: Under the Influence,2015,4,2016-12-06,
tt1504320,The King's Speech,2010,4,2014-06-21,
tt0098052,Kinski Paganini,1989,4,2019-01-19,
tt0048280,Lady and the Tramp,1955,4,2014-06-21,
tt4925292,Lady Bird,2017,4,2018-09-27,
tt3722070,The Lady in the Van,2015,4,2019-07-27,
tt0158714,Lady Snowblood,1973,4,2014-06-23,
tt0455590,The Last King of Scotland,2006,4,2014-06-21,
tt0311429,The League of Extraordinary Gentlemen,2003,4,2014-06-21,
tt0498380,Letters from Iwo Jima,2006,4,2014-06-22,
tt0275847,Lilo &amp; Stitch,2002,4,2014-06-21,
tt5434870,Little Sister,2016,4,2019-09-24,
tt3464902,The Lobster,2015,4,2018-07-19,
tt0399295,Lord of War,2005,4,2014-06-22,
tt0119567,The Lost World: Jurassic Park,1997,4,2014-06-21,
tt3774694,Love,2015,4,2015-11-23,
tt2002718,Machete Kills,2013,4,2014-06-28,
tt0125664,Man on the Moon,1999,4,2014-06-21,
tt7825208,Marighella,2019,4,2021-05-17,
tt0290002,Meet the Fockers,2004,4,2014-06-21,
tt0212338,Meet the Parents,2000,4,2014-06-21,
tt0397535,Memoirs of a Geisha,2005,4,2014-06-29,
tt0405159,Million Dollar Baby,2004,4,2014-06-21,
tt0181689,Minority Report,2002,4,2014-06-21,
tt0110527,Miracle on 34th Street,1994,4,2014-06-29,
tt0064683,Mondo Trasho,1969,4,2016-03-20,
tt0091541,The Money Pit,1986,4,2014-06-28,
tt0095652,Monkey Shines,1988,4,2020-12-30,
tt1453405,Monsters University,2013,4,2017-07-25,
tt0198781,"Monsters, Inc.",2001,4,2014-06-21,
tt4975722,Moonlight,2016,4,2017-03-12,
tt0318462,The Motorcycle Diaries,2004,4,2014-06-21,
tt0120762,Mulan,1998,4,2014-06-28,
tt0097937,My Left Foot,1989,4,2016-04-01,
tt0374900,Napoleon Dynamite,2004,4,2014-06-21,
tt11044858,Nocturne,2020,4,2020-11-21,
tt0060782,One Million Years B.C.,1966,4,2018-01-16,
tt0181739,Osmosis Jones,2001,4,2014-06-22,
tt0230600,The Others,2001,4,2014-06-21,
tt0093692,Over the Top,1987,4,2014-06-28,
tt7949046,Paradox,2018,4,2018-12-11,
tt4392438,La Passion d'Augustine,2015,4,2020-05-02,
tt0046183,Peter Pan,1953,4,2014-06-22,
tt0253474,The Pianist,2002,4,2014-06-22,
tt0107822,The Piano,1993,4,2014-06-21,
tt0032910,Pinocchio,1940,4,2014-06-29,
tt1131729,Pirate Radio,2009,4,2014-06-28,
tt0086113,The Pit,1981,4,2020-08-11,
tt0043924,A Place in the Sun,1951,4,2015-05-27,
tt0091763,Platoon,1986,4,2014-06-29,
tt0120789,Pleasantville,1998,4,2014-06-28,
tt0114148,Pocahontas,1995,4,2014-06-28,
tt0338348,The Polar Express,2004,4,2014-06-21,
tt11460976,Prime Time,2021,4,2021-07-23,
tt10048342,The Queen's Gambit,2020,4,2020-12-14,
tt1192628,Rango,2011,4,2014-06-21,
tt0976051,The Reader,2008,4,2014-06-21,
tt1245526,Red,2010,4,2014-06-29,
tt0289765,Red Dragon,2002,4,2014-06-22,
tt0076618,The Rescuers,1977,4,2014-06-28,
tt8485364,The Room,2019,4,2020-04-25,
tt0108052,Schindler's List,1993,4,2014-06-28,
tt5231916,Scribe,2016,4,2017-12-24,
tt0329575,Seabiscuit,2003,4,2014-06-22,
tt0274812,Secretary,2002,4,2015-12-23,
tt0111161,The Shawshank Redemption,1994,4,2014-06-21,
tt0167404,The Sixth Sense,1999,4,2014-06-21,
tt0029583,Snow White and the Seven Dwarfs,1937,4,2014-06-28,
tt0067773,Someone Behind the Door,1971,4,2014-06-28,
tt0075244,The Song Remains the Same,1976,4,2014-06-29,
tt1124373,Sons of Anarchy,2008,4,2021-05-18,
tt4972582,Split,2017,4,2018-08-05,
tt10919420,Squid Game,2021,4,2021-10-02,
tt0086190,Star Wars: Episode VI - Return of the Jedi,1983,4,2014-06-21,
tt0408236,Sweeney Todd: The Demon Barber of Fleet Street,2007,4,2014-06-21,
tt1828308,Tarantino's Mind,2006,4,2014-06-23,
tt0120855,Tarzan,1999,4,2014-06-21,
tt6723592,Tenet,2020,4,2021-01-11,
tt0362227,The Terminal,2004,4,2014-06-21,
tt0088247,The Terminator,1984,4,2014-06-21,
tt0117883,Tesis,1996,4,2020-12-20,
tt0129387,There's Something About Mary,1998,4,2014-06-21,
tt3134058,Tim Maia,2014,4,2020-04-03,
tt0120338,Titanic,1997,4,2014-06-21,
tt0075342,The Town That Dreaded Sundown,1976,4,2020-12-27,
tt2041532,Trinta,2014,4,2019-07-30,
tt0191585,Tristeza do Jeca,1961,4,2014-06-29,
tt1403865,True Grit,2010,4,2014-06-28,
tt0217869,Unbreakable,2000,4,2014-06-21,
tt4761916,Unfriended: Dark Web,2018,4,2021-05-23,
tt1049413,Up,2009,4,2014-06-21,
tt6857112,Us,2019,4,2019-04-08,
tt0434409,V for Vendetta,2006,4,2014-06-21,
tt0358273,Walk the Line,2005,4,2014-06-28,
tt0910970,WALL·E,2008,4,2014-06-21,
tt0068935,The Way of the Dragon,1972,4,2014-06-21,
tt0120888,The Wedding Singer,1998,4,2014-06-29,
tt0096438,Who Framed Roger Rabbit,1988,4,2016-07-13,
tt0451279,Wonder Woman,2017,4,2021-07-04,
tt1213663,The World's End,2013,4,2014-06-22,
tt0171928,O Xangô de Baker Street,2001,4,2014-06-22,
tt0443706,Zodiac,2007,4,2016-07-13,
tt1560220,Zombieland: Double Tap,2019,4,2021-10-16,
tt1245112,[Rec] 2,2009,3,2021-07-20,
tt0343660,50 First Dates,2004,3,2014-06-21,
tt0029843,The Adventures of Robin Hood,1938,3,2014-09-15,
tt2557276,Against the Sun,2015,3,2017-07-19,
tt2316204,Alien: Covenant,2017,3,2017-09-09,
tt2017038,All Is Lost,2013,3,2016-12-12,
tt0163651,American Pie,1999,3,2014-06-21,
tt0305224,Anger Management,2003,3,2014-06-21,
tt0478970,Ant-Man,2015,3,2018-07-20,
tt5095030,Ant-Man and the Wasp,2018,3,2018-07-20,
tt0120587,Antz,1998,3,2014-06-21,
tt2395427,Avengers: Age of Ultron,2015,3,2016-03-29,
tt0211933,Awake,2007,3,2014-06-29,
tt0372784,Batman Begins,2005,3,2014-06-21,
tt0103776,Batman Returns,1992,3,2014-06-21,
tt7545524,Ben Is Back,2018,3,2019-07-21,
tt0056875,Blood Feast,1963,3,2014-09-19,
tt0092675,Bloodsport,1988,3,2014-06-22,
tt0112573,Braveheart,1995,3,2014-06-21,
tt6218358,Calibre,2018,3,2018-07-24,
tt0112642,Casper,1995,3,2015-12-22,
tt0449471,Catacombs,2007,3,2021-10-03,
tt0367594,Charlie and the Chocolate Factory,2005,3,2014-06-21,
tt0094862,Child's Play,1988,3,2014-06-29,
tt4287320,The Circle,2017,3,2017-07-31,
tt0870090,City of Men,2007,3,2014-06-29,
tt0393162,Coach Carter,2005,3,2014-06-22,
tt0369339,Collateral,2004,3,2014-06-21,
tt3065204,The Conjuring 2,2016,3,2021-09-14,
tt1457767,The Conjuring,2013,3,2014-06-29,
tt7069210,The Conjuring: The Devil Made Me Do It,2021,3,2021-09-16,
tt0118884,Contact,1997,3,2014-06-21,
tt6315750,Cook Up A Storm,2017,3,2019-07-31,
tt0298814,The Core,2003,3,2014-06-28,
tt0069895,The Crazies,1973,3,2014-06-21,
tt0065591,Crimes of the Future,1970,3,2020-02-02,
tt0377713,Cube Zero,2004,3,2014-06-29,
tt1878841,The Darkness,2016,3,2018-11-11,
tt0319262,The Day After Tomorrow,2004,3,2014-06-21,
tt8695030,The Dead Don't Die,2019,3,2019-09-02,
tt5606664,Doctor Sleep,2019,3,2019-11-09,
tt0101761,The Doors,1991,3,2014-06-21,
tt1231583,Due Date,2010,3,2020-07-26,
tt0120660,Enemy of the State,1998,3,2014-06-28,
tt1320253,The Expendables,2010,3,2014-06-21,
tt0053459,Eyes Without a Face,1960,3,2014-06-22,
tt0077533,Faces of Death,1978,3,2014-06-28,
tt0361596,Fahrenheit 9/11,2004,3,2014-06-21,
tt0097328,Family Business,1989,3,2021-09-21,
tt0195714,Final Destination,2000,3,2014-06-21,
tt2351310,The Flu,2013,3,2020-04-12,
tt0074540,The Food of the Gods,1976,3,2020-02-24,
tt0087277,Footloose,1984,3,2014-06-22,
tt1220198,The Fourth Kind,2009,3,2014-06-29,
tt0077588,The Fury,1978,3,2016-01-28,
tt0077594,Game of Death,1978,3,2014-06-22,
tt3748172,Gerald's Game,2017,3,2018-03-31,
tt0099653,Ghost,1990,3,2014-06-21,
tt0056709,Gorath,1962,3,2019-11-01,
tt2403021,The Green Inferno,2015,3,2021-02-17,
tt2015381,Guardians of the Galaxy,2014,3,2018-02-17,
tt10675136,Hell House LLC III: Lake of Fire,2019,3,2021-07-07,
tt0167190,Hellboy,2004,3,2014-06-28,
tt0411477,Hellboy II: The Golden Army,2008,3,2014-06-29,
tt0104409,Hellraiser III: Hell on Earth,1992,3,2014-06-28,
tt0091209,The Hitcher,1986,3,2020-01-27,
tt2708764,HK: Hentai Kamen,2013,3,2015-08-18,
tt0164052,Hollow Man,2000,3,2014-06-21,
tt2980210,A Hologram for the King,2016,3,2018-11-15,
tt1954520,House with 100 Eyes,2011,3,2021-09-24,
tt1958043,The Houses October Built,2014,3,2021-11-20,
tt0091225,Howard the Duck,1986,3,2014-06-21,
tt3608930,In a Valley of Violence,2016,3,2019-07-18,
tt0116629,Independence Day,1996,3,2014-06-21,
tt0367882,Indiana Jones and the Kingdom of the Crystal Skull,2008,3,2014-06-21,
tt1591095,Insidious,2010,3,2021-07-18,
tt0278504,Insomnia,2002,3,2015-02-16,
tt0129167,The Iron Giant,1999,3,2014-06-21,
tt0057193,It's a Mad Mad Mad Mad World,1963,3,2014-06-21,
tt6103618,"João, O Maestro",2017,3,2019-06-02,
tt0369610,Jurassic World,2015,3,2015-06-16,
tt10307440,Jusqu'au déclin,2020,3,2020-04-04,
tt0091326,"The Karate Kid, Part II",1986,3,2016-07-13,
tt0095444,Killer Klowns from Outer Space,1988,3,2016-07-14,
tt0360717,King Kong,2005,3,2014-06-21,
tt0056142,King Kong vs. Godzilla,1962,3,2014-06-29,
tt0434125,Kiseichuu: kiraa pusshii,2004,3,2015-12-26,
tt0112040,The Langoliers,1995,3,2014-07-30,
tt0325710,The Last Samurai,2003,3,2014-06-21,
tt2965466,Last Shift,2014,3,2021-12-08,
tt0250494,Legally Blonde,2001,3,2014-06-21,
tt0111512,The Legend of Drunken Master,1994,3,2014-06-28,
tt0339291,Lemony Snicket's A Series of Unfortunate Events,2004,3,2014-06-21,
tt2294473,Lesson of the Evil,2012,3,2014-06-28,
tt0119528,Liar Liar,1997,3,2014-06-21,
tt0454876,Life of Pi,2012,3,2014-06-21,
tt0120131,The Lion King II: Simba's Pride,1998,3,2014-06-21,
tt6105098,The Lion King,2019,3,2019-07-24,
tt0970866,Little Fockers,2010,3,2014-06-28,
tt1727516,Livid,2011,3,2020-12-23,
tt0104756,Lorenzo's Oil,1992,3,2016-07-13,
tt0314331,Love Actually,2003,3,2016-05-07,
tt0183505,"Me, Myself &amp; Irene",2000,3,2014-06-21,
tt6873658,O Mecanismo,2018,3,2018-04-10,
tt4779682,The Meg,2018,3,2019-04-21,
tt1001526,Megamind,2010,3,2019-01-07,
tt0120912,Men in Black II,2002,3,2014-06-21,
tt1409024,Men in Black III,2012,3,2014-06-28,
tt10605812,A Menina que Matou os Pais,2021,3,2021-09-29,
tt10975604,O Menino que Matou Meus Pais,2021,3,2021-09-29,
tt0416979,Meu Tio Matou um Cara,2004,3,2014-06-28,
tt0981224,Midnight Movie,2008,3,2021-09-05,
tt0091544,Monster in the Closet,1987,3,2016-07-14,
tt0293429,Mortal Kombat,2021,3,2021-05-09,
tt0359715,My Best Friend's Birthday,1987,3,2014-06-28,
tt0259446,My Big Fat Greek Wedding,2002,3,2014-06-28,
tt0327056,Mystic River,2003,3,2014-06-28,
tt1186367,Ninja Assassin,2009,3,2015-12-22,
tt0481369,The Number 23,2007,3,2014-06-21,
tt0467200,The Other Boleyn Girl,2008,3,2014-06-28,
tt0457430,Pan's Labyrinth,2006,3,2014-06-21,
tt0258000,Panic Room,2002,3,2014-06-21,
tt0177971,The Perfect Storm,2000,3,2014-06-23,
tt0837563,Pet Sematary,2019,3,2019-12-30,
tt0486893,A Princesa e o Robô,1983,3,2016-01-28,
tt8332922,A Quiet Place Part II,2021,3,2021-07-02,
tt6644200,A Quiet Place,2018,3,2018-06-24,
tt0462499,Rambo,2008,3,2014-06-22,
tt0089880,Rambo: First Blood Part II,1985,3,2014-06-28,
tt0117438,Ransom,1996,3,2014-06-21,
tt1784599,"Raul - O início, o Fim e o Meio",2011,3,2014-06-28,
tt0350258,Ray,2004,3,2014-06-21,
tt0328316,Redentor,2004,3,2014-06-28,
tt0253556,Reign of Fire,2002,3,2014-06-29,
tt0815241,Religulous,2008,3,2014-06-28,
tt0110989,Richie Rich,1994,3,2014-06-28,
tt1318514,Rise of the Planet of the Apes,2011,3,2014-06-22,
tt1234721,RoboCop,2014,3,2021-06-19,
tt0128445,Rushmore,1998,3,2015-07-29,
tt13651858,Safer at Home,2021,3,2021-09-29,
tt0178010,Sai da Frente,1952,3,2014-06-29,
tt0105327,School Ties,1992,3,2020-05-09,
tt1262416,Scream 4,2011,3,2014-06-21,
tt2716382,Sea Fever,2019,3,2020-04-18,
tt0120102,Seven Years in Tibet,1997,3,2014-06-28,
tt0988045,Sherlock Holmes,2009,3,2014-06-21,
tt1515091,Sherlock Holmes: A Game of Shadows,2011,3,2014-06-28,
tt0413267,Shrek the Third,2007,3,2014-06-21,
tt2582500,Shut In,2016,3,2017-07-20,
tt0105414,Single White Female,1992,3,2021-05-23,
tt0105417,Sister Act,1992,3,2014-06-29,
tt0397101,The Skeleton Key,2005,3,2014-06-22,
tt1074638,Skyfall,2012,3,2014-06-21,
tt1010048,Slumdog Millionaire,2008,3,2014-06-21,
tt0417148,Snakes on a Plane,2006,3,2014-06-21,
tt0351459,So Normal,2003,3,2014-06-28,
tt11464826,The Social Dilemma,2020,3,2020-09-26,
tt0193524,The Star Wars Holiday Special,1978,3,2014-06-23,
tt0121766,Star Wars: Episode III - Revenge of the Sith,2005,3,2014-06-21,
tt0164181,Stir of Echoes,1999,3,2014-06-21,
tt0164912,Stuart Little,1999,3,2014-06-21,
tt0164184,The Sum of All Fears,2002,3,2014-06-22,
tt0078346,Superman: The Movie,1978,3,2014-09-15,
tt0244244,Swordfish,2001,3,2014-06-22,
tt0063665,Sympathy for the Devil,1968,3,2020-12-22,
tt0365737,Syriana,2005,3,2014-06-22,
tt0936501,Taken,2008,3,2014-06-21,
tt0098439,Tango &amp; Cash,1989,3,2014-06-21,
tt0100758,Teenage Mutant Ninja Turtles,1990,3,2015-05-27,
tt0108333,The Three Musketeers,1993,3,2015-05-27,
tt8708304,I Trapped the Devil,2019,3,2019-07-21,
tt5774060,Underwater,2020,3,2020-03-29,
tt3713166,Unfriended,2015,3,2021-05-23,
tt1734493,Unlocked,2017,3,2017-09-09,
tt2450186,V/H/S/2,2013,3,2021-07-09,
tt0985699,Valkyrie,2008,3,2014-06-22,
tt1027718,Wall Street: Money Never Sleeps,2010,3,2016-12-26,
tt0094332,The Witches of Eastwick,1987,3,2014-06-28,
tt0098663,The Wizard,1989,3,2016-07-12,
tt0816711,World War Z,2013,3,2014-06-28,
tt1125849,The Wrestler,2008,3,2014-06-21,
tt12361974,Zack Snyder's Justice League,2021,3,2021-07-06,
tt0406375,Zathura,2005,3,2014-06-22,
tt0115433,101 Dalmatians,1996,2,2015-02-16,
tt2059171,13 Sins,2014,2,2020-10-11,
tt0450232,16 Blocks,2006,2,2014-06-28,
tt0478087,21,2008,2,2014-06-28,
tt0103596,3 Ninjas,1992,2,2014-06-29,
tt0416449,300,2007,2,2014-06-21,
tt0109040,Ace Ventura: Pet Detective,1994,2,2014-06-21,
tt0112281,Ace Ventura: When Nature Calls,1995,2,2015-05-27,
tt0367479,After the Sunset,2004,2,2014-06-28,
tt0118583,Alien: Resurrection,1997,2,2014-06-22,
tt0080360,Altered States,1980,2,2014-06-29,
tt0384806,The Amityville Horror,2005,2,2014-06-21,
tt2674430,Approaching the Unknown,2016,2,2018-09-15,
tt0099052,Arachnophobia,1990,2,2014-06-22,
tt0398712,Assault on Precinct 13,2005,2,2014-06-28,
tt0499549,Avatar,2009,2,2014-06-21,
tt0370263,AVP: Alien vs. Predator,2004,2,2014-06-21,
tt0069754,The Baby,1973,2,2019-12-24,
tt0118689,Bean,1997,2,2014-06-29,
tt0389790,Bee Movie,2007,2,2014-06-22,
tt0101420,Begotten,1990,2,2016-01-28,
tt0067824,The Big Boss,1971,2,2014-06-28,
tt1316037,Birdemic: Shock and Terror,2010,2,2015-05-14,
tt0387877,The Black Dahlia,2006,2,2014-06-28,
tt9495224,Black Mirror: Bandersnatch,2018,2,2019-01-01,
tt0120611,Blade,1998,2,2014-06-21,
tt0187738,Blade II,2002,2,2014-06-24,
tt0450259,Blood Diamond,2006,2,2014-06-22,
tt1727824,Bohemian Rhapsody,2018,2,2019-01-14,
tt0243155,Bridget Jones's Diary,2001,2,2014-06-29,
tt0355295,The Brothers Grimm,2005,2,2014-06-21,
tt0315327,Bruce Almighty,2003,2,2014-06-21,
tt1462758,Buried,2010,2,2014-06-21,
tt0289879,The Butterfly Effect,2004,2,2014-06-21,
tt0303816,Cabin Fever,2002,2,2014-06-29,
tt1911644,The Call,2013,2,2014-06-28,
tt0317219,Cars,2006,2,2014-06-21,
tt1911553,The Chef,2012,2,2016-12-12,
tt0299658,Chicago,2002,2,2014-06-22,
tt0120630,Chicken Run,2000,2,2014-06-22,
tt1706593,Chronicle,2012,2,2014-06-25,
tt0352248,Cinderella Man,2005,2,2014-06-21,
tt3118452,Circle,2015,2,2016-12-05,
tt0800320,Clash of the Titans,2010,2,2014-06-22,
tt0245844,The Count of Monte Cristo,2002,2,2014-06-21,
tt0190332,"Crouching Tiger, Hidden Dragon",2000,2,2014-06-21,
tt0118928,Dante's Peak,1997,2,2014-06-28,
tt1345836,The Dark Knight Rises,2012,2,2014-06-21,
tt0970416,The Day the Earth Stood Still,2008,2,2014-06-28,
tt0149261,Deep Blue Sea,1999,2,2015-02-16,
tt0120647,Deep Impact,1998,2,2014-06-21,
tt0453467,Deja Vu,2006,2,2016-07-05,
tt0106697,Demolition Man,1993,2,2014-06-21,
tt0106701,Dennis the Menace,1993,2,2014-06-23,
tt0367652,Deuce Bigalow: European Gigolo,2005,2,2014-06-22,
tt0205000,Deuce Bigalow: Male Gigolo,1999,2,2014-06-22,
tt0092890,Dirty Dancing,1987,2,2014-06-21,
tt0118996,Dobermann,1997,2,2016-06-02,
tt0106770,Dragon: The Bruce Lee Story,1993,2,2014-09-15,
tt0285531,Dreamcatcher,2003,2,2014-06-23,
tt0109686,Dumb and Dumber,1994,2,2014-06-21,
tt2340650,East Side Sushi,2015,2,2016-12-05,
tt1535108,Elysium,2013,2,2014-06-23,
tt1211956,Escape Plan,2013,2,2017-08-06,
tt5886046,Escape Room,2019,2,2019-04-21,
tt0251075,Evolution,2001,2,2014-06-21,
tt2481498,"Extremely Wicked, Shockingly Evil and Vile",2019,2,2020-01-07,
tt0964517,The Fighter,2010,2,2015-05-27,
tt1568346,The Girl with the Dragon Tattoo,2011,2,2014-09-15,
tt6823368,Glass,2019,2,2019-01-20,
tt7910444,Gogol. Viy,2018,2,2019-07-21,
tt0113198,A Goofy Movie,1995,2,2014-06-22,
tt0184526,Gorgeous,1999,2,2014-06-28,
tt0104361,A Grand Day Out with Wallace and Gromit,1989,2,2014-06-29,
tt7737786,Greenland,2020,2,2021-01-31,
tt9086228,Gretel & Hansel,2020,2,2020-04-10,
tt0391198,The Grudge,2004,2,2014-06-21,
tt1320261,Gulliver's Travels,2010,2,2014-06-28,
tt1951261,The Hangover Part III,2013,2,2014-06-22,
tt0949731,The Happening,2008,2,2014-06-21,
tt1640459,Hobo with a Shotgun,2011,2,2014-06-23,
tt0397065,House of Wax,2005,2,2014-06-21,
tt1883367,The Human Centipede III (Final Sequence),2015,2,2021-03-02,
tt1392170,The Hunger Games,2012,2,2014-06-22,
tt5022702,Hush,2016,2,2018-12-28,
tt0071650,"Ilsa, She Wolf of the SS",1975,2,2014-06-23,
tt3062096,Inferno,2016,2,2020-06-18,
tt2361509,The Intern,2015,2,2020-05-02,
tt1057500,Invictus,2009,2,2014-06-28,
tt0211443,Jason X,2002,2,2014-06-29,
tt0075520,Jesus of Nazareth,1977,2,2014-06-29,
tt7286456,Joker,2019,2,2019-10-07,
tt0364385,Ju-on: The Grudge,2003,2,2014-06-29,
tt0163025,Jurassic Park III,2001,2,2014-06-22,
tt4881806,Jurassic World: Fallen Kingdom,2018,2,2018-07-02,
tt0974015,Justice League,2017,2,2018-02-17,
tt0097647,"The Karate Kid, Part III",1989,2,2016-07-13,
tt0116756,Kazaam,1996,2,2015-02-16,
tt0349683,King Arthur,2004,2,2014-06-21,
tt0320661,Kingdom of Heaven,2005,2,2014-06-22,
tt0183790,A Knight's Tale,2001,2,2014-06-21,
tt0441773,Kung Fu Panda,2008,2,2014-06-21,
tt0452637,Lady in the Water,2006,2,2014-06-28,
tt0418819,Land of the Dead,2005,2,2014-06-21,
tt0107362,Last Action Hero,1993,2,2015-05-27,
tt0844708,The Last House on the Left,2009,2,2014-06-22,
tt0104691,The Last of the Mohicans,1992,2,2014-06-22,
tt5442430,Life,2017,2,2017-09-03,
tt4786282,Lights Out,2016,2,2019-06-22,
tt1219289,Limitless,2011,2,2019-01-22,
tt7958736,Ma,2019,2,2021-04-13,
tt2404435,The Magnificent Seven,2016,2,2020-05-29,
tt0770828,Man of Steel,2013,2,2014-06-21,
tt0110475,The Mask,1994,2,2014-06-21,
tt0234215,The Matrix Reloaded,2003,2,2014-06-21,
tt0113820,Mighty Morphin Power Rangers: The Movie,1995,2,2014-06-23,
tt0117060,Mission: Impossible,1996,2,2014-06-21,
tt0317919,Mission: Impossible III,2006,2,2014-06-21,
tt2241351,Money Monster,2016,2,2019-05-16,
tt0356910,Mr. and Mrs. Smith,2005,2,2014-06-21,
tt0485947,Mr. Nobody,2009,2,2015-02-28,
tt0465624,My Super Ex-Girlfriend,2006,2,2014-09-15,
tt3531824,Nerve,2016,2,2017-07-20,
tt0477347,Night at the Museum,2006,2,2014-06-21,
tt1078912,Night at the Museum: Battle of the Smithsonian,2009,2,2014-06-22,
tt2024469,Non-Stop,2014,2,2015-05-27,
tt0082377,Omen III: The Final Conflict,1981,2,2014-06-28,
tt1204977,Ouija,2014,2,2020-05-17,
tt0335345,The Passion of the Christ,2004,2,2014-06-23,
tt0213149,Pearl Harbor,2001,2,2014-06-22,
tt0814255,Percy Jackson &amp; the Olympians: The Lightning Thief,2010,2,2014-06-28,
tt1424381,Predators,2010,2,2014-06-22,
tt0100405,Pretty Woman,1990,2,2014-06-23,
tt0120794,The Prince of Egypt,1998,2,2014-06-21,
tt1446714,Prometheus,2012,2,2014-06-21,
tt2184339,The Purge,2013,2,2014-06-29,
tt2975578,The Purge: Anarchy,2014,2,2021-03-30,
tt0454921,The Pursuit of Happyness,2006,2,2014-06-21,
tt0830515,Quantum of Solace,2008,2,2014-06-22,
tt0095956,Rambo III,1988,2,2014-06-28,
tt3836512,Ratter,2015,2,2017-11-20,
tt0421239,Red Eye,2005,2,2016-07-05,
tt1161864,The Rite,2011,2,2014-07-06,
tt0898367,The Road,2009,2,2014-06-21,
tt0084602,Rocky III,1982,2,2014-06-21,
tt0089927,Rocky IV,1985,2,2014-06-21,
tt0113326,Rumble in the Bronx,1995,2,2014-06-28,
tt0257076,S.W.A.T.,2003,2,2014-06-21,
tt0120815,Saving Private Ryan,1998,2,2014-06-21,
tt0495241,Saw,2003,2,2014-06-21,
tt0363988,Secret Window,2004,2,2014-06-28,
tt1273235,A Serbian Film,2010,2,2014-06-23,
tt0098320,Shocker,1989,2,2020-10-18,
tt0897387,Shrek the Halls,2007,2,2014-06-28,
tt0258153,Simone,2002,2,2014-06-21,
tt0462538,The Simpsons Movie,2007,2,2014-06-22,
tt0122718,Small Soldiers,1998,2,2014-06-29,
tt1285016,The Social Network,2010,2,2014-06-21,
tt0337741,Something's Gotta Give,2003,2,2016-07-05,
tt0186566,Space Cowboys,2000,2,2014-06-28,
tt3554046,Space Jam: A New Legacy,2021,2,2021-07-19,
tt0371246,Spanglish,2004,2,2014-06-22,
tt0120177,Spawn,1997,2,2014-07-06,
tt0796366,Star Trek,2009,2,2014-06-22,
tt2488496,Star Wars: Episode VII - The Force Awakens,2015,2,2016-01-05,
tt0145531,Stigmata,1999,2,2014-06-23,
tt0482606,The Strangers,2008,2,2014-06-29,
tt1397280,Taken 2,2012,2,2015-05-27,
tt0945517,Tapa Na Pantera,2006,2,2014-06-23,
tt0465203,Them,2006,2,2020-02-01,
tt0332452,Troy,2004,2,2014-06-22,
tt1735485,The Tunnel Movie,2011,2,2021-07-03,
tt7510346,The Turning,2020,2,2020-04-13,
tt0117998,Twister,1996,2,2014-06-22,
tt14867006,V/H/S/94,2021,2,2021-11-27,
tt0190865,Vertical Limit,2000,2,2014-06-29,
tt0120461,Volcano,1997,2,2014-06-28,
tt3488710,The Walk,2015,2,2018-11-05,
tt1520211,The Walking Dead,2010,2,2021-05-19,
tt7605074,The Wandering Earth,2019,2,2021-04-19,
tt0407304,War of the Worlds,2005,2,2014-06-21,
tt1291584,Warrior,2011,2,2015-05-27,
tt0114898,Waterworld,1995,2,2014-06-22,
tt0120889,What Dreams May Come,1998,2,2014-06-28,
tt0127357,Who Am I?,1998,2,2014-06-28,
tt0156182,Wishmaster 2: Evil Never Dies,1999,2,2020-12-27,
tt6111574,The Woman in the Window,2021,2,2021-05-22,
tt7126948,Wonder Woman 1984,2020,2,2021-07-12,
tt0143145,The World Is Not Enough,1999,2,2014-06-22,
tt1646987,Wrath of the Titans,2012,2,2014-06-21,
tt1068680,Yes Man,2008,2,2014-06-21,
tt0960144,You Don't Mess with the Zohan,2008,2,2014-06-21,
tt0196229,Zoolander,2001,2,2014-06-28,
tt0337563,13 Going on 30,2004,1,2014-06-21,
tt1190080,2012,2009,1,2014-06-24,
tt1253863,300: Rise of an Empire,2014,1,2020-12-25,
tt0216216,The 6th Day,2000,1,2014-06-28,
tt0895777,"Ó Paí, Ó",2007,1,2014-06-28,
tt0131704,The Adventures of Rocky and Bullwinkle,2000,1,2014-06-28,
tt0346491,Alexander,2004,1,2014-06-21,
tt1872181,The Amazing Spider-Man 2,2014,1,2014-06-22,
tt0948470,The Amazing Spider-Man,2012,1,2014-06-29,
tt0252866,American Pie 2,2001,1,2014-06-21,
tt0328828,American Wedding,2003,1,2014-06-22,
tt0118615,Anaconda,1997,1,2014-06-21,
tt0255798,The Animal,2001,1,2014-06-28,
tt0120591,Armageddon,1998,1,2014-06-21,
tt0230011,Atlantis: The Lost Empire,2001,1,2014-06-29,
tt0112442,Bad Boys,1995,1,2014-06-22,
tt0172156,Bad Boys II,2003,1,2014-06-21,
tt2975590,Batman v Superman: Dawn of Justice,2016,1,2016-04-01,
tt0163978,The Beach,2000,1,2014-06-22,
tt0374536,Bewitched,2005,1,2014-06-29,
tt0359013,Blade: Trinity,2004,1,2014-06-21,
tt1037705,The Book of Eli,2010,1,2014-06-21,
tt0452592,Borderland,2007,1,2020-12-22,
tt0362478,The Box,2009,1,2014-06-23,
tt4030600,The Bye Bye Man,2016,1,2020-04-26,
tt0239395,Cats &amp; Dogs,2001,1,2014-06-28,
tt0318590,Cazuza - O Tempo Não Pára,2004,1,2014-06-28,
tt0160127,Charlie's Angels,2000,1,2014-06-21,
tt0363771,"The Chronicles of Narnia: The Lion, the Witch and the Wardrobe",2005,1,2014-06-21,
tt0296572,The Chronicles of Riddick,2004,1,2014-06-21,
tt1988573,Cilada.com,2011,1,2014-06-22,
tt0389860,Click,2006,1,2014-06-21,
tt1060277,Cloverfield,2008,1,2014-06-21,
tt2548396,The Cloverfield Paradox,2018,1,2018-02-14,
tt0360486,Constantine,2005,1,2014-06-23,
tt10039344,Countdown,2019,1,2020-10-10,
tt1648190,The Dark Tower,2017,1,2020-07-30,
tt0382628,Dark Water,2005,1,2014-06-23,
tt2377322,Deliver Us from Evil,2014,1,2019-06-23,
tt0458352,The Devil Wears Prada,2006,1,2014-06-21,
tt0395584,The Devil's Rejects,2005,1,2014-06-28,
tt1645170,The Dictator,2012,1,2014-06-22,
tt0246460,Die Another Day,2002,1,2014-06-21,
tt0486822,Disturbia,2007,1,2014-06-21,
tt0266489,Duplex,2003,1,2014-06-22,
tt0319343,Elf,2003,1,2014-06-21,
tt0278435,Enough,2002,1,2014-06-28,
tt1288558,Evil Dead,2013,1,2014-06-23,
tt0076009,Exorcist II: The Heretic,1977,1,2014-06-21,
tt0120667,Fantastic Four,2005,1,2014-06-21,
tt0486576,Fantastic Four: Rise of the Silver Surfer,2007,1,2014-06-21,
tt0430105,Four Brothers,2005,1,2014-06-21,
tt1468846,Get a Job,2016,1,2018-11-05,
tt0120685,Godzilla,1998,1,2014-06-21,
tt0119217,Good Will Hunting,1997,1,2014-06-21,
tt1375670,Grown Ups,2010,1,2020-06-18,
tt0251114,Hart's War,2002,1,2014-06-22,
tt0386588,Hitch,2005,1,2014-06-21,
tt0975645,Hitchcock,2012,1,2014-06-28,
tt0119303,Home Alone 3,1997,1,2014-06-21,
tt5498354,Horizon Line,2020,1,2021-05-04,
tt0450278,Hostel,2005,1,2014-06-21,
tt5246700,How It Ends,2018,1,2018-07-25,
tt0480249,I Am Legend,2007,1,2014-06-21,
tt0343818,"I, Robot",2004,1,2014-06-21,
tt2679552,I.T.,2016,1,2019-07-31,
tt0443543,The Illusionist,2006,1,2014-06-21,
tt0800080,The Incredible Hulk,2008,1,2014-06-22,
tt0371746,Iron Man,2008,1,2014-06-21,
tt9354944,Jexi,2019,1,2020-05-02,
tt0325703,Lara Croft Tomb Raider: The Cradle of Life,2003,1,2014-06-28,
tt0146316,Lara Croft:  Tomb Raider,2001,1,2014-06-21,
tt3286560,The Last Face,2016,1,2017-09-09,
tt1280567,Last Stop 174,2008,1,2014-06-23,
tt3655682,Let's Be Evil,2016,1,2016-12-17,
tt0367975,Lisbela E O Prisioneiro,2003,1,2014-06-22,
tt0398165,The Longest Yard,2005,1,2014-06-21,
tt0120738,Lost in Space,1998,1,2014-06-22,
tt2023587,Mama,2013,1,2014-06-29,
tt0113762,The Mangler,1995,1,2021-02-08,
tt7263040,La Marca del Demonio,2020,1,2020-04-05,
tt0120746,The Mask of Zorro,1998,1,2014-06-21,
tt0311113,Master and Commander: The Far Side of the World,2003,1,2014-06-28,
tt0242653,The Matrix Revolutions,2003,1,2014-06-21,
tt0120755,Mission: Impossible 2,2000,1,2014-06-21,
tt0385880,Monster House,2006,1,2014-06-21,
tt1182345,Moon,2009,1,2014-06-22,
tt0113855,Mortal Kombat,1995,1,2014-06-21,
tt0119707,Mortal Kombat: Annihilation,1997,1,2014-06-21,
tt0265349,The Mothman Prophecies,2002,1,2014-06-22,
tt0280590,Mr. Deeds,2002,1,2014-06-28,
tt7867358,Mulheres Alteradas,2018,1,2020-02-02,
tt0209163,The Mummy Returns,2001,1,2014-06-21,
tt0120616,The Mummy,1999,1,2014-06-21,
tt0457510,Nacho Libre,2006,1,2014-06-22,
tt0368891,National Treasure,2004,1,2014-06-21,
tt0465234,National Treasure: Book of Secrets,2007,1,2014-06-21,
tt3530002,The Night Before,2015,1,2018-12-16,
tt0144528,Nutty Professor II: The Klumps,2000,1,2014-06-28,
tt0117218,The Nutty Professor,1996,1,2014-06-21,
tt0466909,The Omen,2006,1,2014-06-28,
tt0285823,Once Upon a Time in Mexico,2003,1,2015-05-27,
tt0374102,Open Water,2003,1,2014-06-22,
tt0464141,The Orphanage,2007,1,2014-06-29,
tt1179904,Paranormal Activity,2009,1,2014-06-21,
tt0129290,Patch Adams,1998,1,2014-06-28,
tt1596345,Pawn Sacrifice,2015,1,2016-01-27,
tt0089791,Pee-wee's Big Adventure,1985,1,2014-06-29,
tt0383216,The Pink Panther,2006,1,2014-06-22,
tt2120120,Pixels,2015,1,2018-07-31,
tt0133152,Planet of the Apes,2001,1,2014-06-21,
tt0210234,Pokemon: Power of One,1999,1,2014-06-28,
tt0089374,Police Story,1985,1,2014-06-28,
tt0409182,Poseidon,2006,1,2014-06-21,
tt0100403,Predator 2,1990,1,2014-06-21,
tt0355954,Riding the Bullet,2004,1,2021-03-31,
tt0298130,The Ring,2002,1,2014-06-21,
tt0358082,Robots,2005,1,2014-06-22,
tt0202470,Rock Star,2001,1,2014-06-29,
tt2085910,Room 237,2012,1,2014-06-22,
tt0120812,Rush Hour,1998,1,2014-06-22,
tt0266915,Rush Hour 2,2001,1,2014-06-21,
tt0293564,Rush Hour 3,2007,1,2014-06-24,
tt0257106,Scary Movie 2,2001,1,2014-06-22,
tt0306047,Scary Movie 3,2003,1,2014-06-21,
tt0362120,Scary Movie 4,2006,1,2014-06-24,
tt0267913,Scooby-Doo,2002,1,2014-06-22,
tt0331632,Scooby-Doo 2: Monsters Unleashed,2004,1,2014-06-22,
tt0138097,Shakespeare in Love,1998,1,2016-07-13,
tt0284490,Showtime,2002,1,2014-06-28,
tt7315484,The Silence,2019,1,2019-05-05,
tt0384537,Silent Hill,2006,1,2014-06-21,
tt0346156,Sky Captain and the World of Tomorrow,2004,1,2014-06-22,
tt0307479,Solaris,2002,1,2015-12-22,
tt6699860,Solo,2018,1,2019-01-22,
tt0811080,Speed Racer,2008,1,2014-06-29,
tt0145487,Spider-Man,2002,1,2014-06-21,
tt0316654,Spider-Man 2,2004,1,2014-06-21,
tt0108941,The Stand,1994,1,2014-06-28,
tt0120915,Star Wars: Episode I - The Phantom Menace,1999,1,2014-06-22,
tt0121765,Star Wars: Episode II - Attack of the Clones,2002,1,2014-06-21,
tt2527338,Star Wars: Episode IX - The Rise of Skywalker,2019,1,2019-12-26,
tt0117765,Striptease,1996,1,2014-06-23,
tt0243585,Stuart Little 2,2002,1,2014-06-28,
tt0084745,Swamp Thing,1982,1,2014-06-28,
tt0181852,Terminator 3: Rise of the Machines,2003,1,2014-06-21,
tt0438488,Terminator Salvation,2009,1,2014-06-28,
tt6450804,Terminator: Dark Fate,2019,1,2019-11-17,
tt4433646,Terraformars,2016,1,2021-03-03,
tt0324216,The Texas Chainsaw Massacre,2003,1,2014-06-28,
tt1235448,The Thaw,2009,1,2019-07-28,
tt0245674,Thirteen Ghosts,2001,1,2014-06-21,
tt0800369,Thor,2011,1,2014-06-28,
tt0268695,The Time Machine,2002,1,2014-06-21,
tt0120913,Titan A.E.,2000,1,2014-06-24,
tt0106156,The Tommyknockers,1993,1,2021-02-07,
tt0120347,Tomorrow Never Dies,1997,1,2014-06-23,
tt0114825,Vampire in Brooklyn,1995,1,2014-06-28,
tt1270797,Venom,2018,1,2019-02-03,
tt0120484,The Waterboy,1998,1,2014-06-29,
tt1430132,The Wolverine,2013,1,2014-06-21,
tt0469641,World Trade Center,2006,1,2014-06-28,
tt1999995,Would You Rather,2012,1,2016-12-04,
tt0120903,X-Men,2000,1,2014-06-22,
tt0458525,X-Men Origins: Wolverine,2009,1,2014-06-22,
tt1877832,X-Men: Days of Future Past,2014,1,2015-05-27,
tt1270798,X-Men: First Class,2011,1,2014-06-21,
tt0376994,X-Men: The Last Stand,2006,1,2014-06-21,
tt0290334,X2: X-Men United,2003,1,2014-06-21,
tt1045778,Year One,2009,1,2014-06-21,
tt0463034,"You, Me and Dupree",2006,1,2015-05-27,
tt0147800,10 Things I Hate About You,1999,1,2015-05-27,
tt0443649,"10,000 B.C.",2008,1,2014-06-21,
tt0271946,The Accidental Spy,2001,1,2014-06-28,
tt0180052,The Adventures of Pluto Nash,2002,1,2014-06-22,
tt0424774,The Adventures of Sharkboy & Lavagirl in 3-D,2005,1,2014-06-28,
tt0402022,Aeon Flux,2005,1,2020-04-12,
tt0375173,Alfie,2004,1,2014-06-22,
tt0369226,Alone in the Dark,2005,1,2014-06-28,
tt0327437,Around the World in 80 Days,2004,1,2014-06-28,
tt4497686,Atroz,2015,1,2019-12-15,
tt0426931,August Rush,2007,1,2014-06-22,
tt0118665,Baby Geniuses,1999,1,2016-07-05,
tt0814022,Bangkok Dangerous,2008,1,2014-06-28,
tt0118688,Batman & Robin,1997,1,2014-06-21,
tt0112462,Batman Forever,1995,1,2014-06-21,
tt0118708,Beverly Hills Ninja,1997,1,2014-06-21,
tt0182789,Bicentennial Man,1999,1,2014-06-21,
tt0265298,Big Fat Liar,2002,1,2015-05-27,
tt2737304,Bird Box,2018,1,2018-12-25,
tt1540011,Blair Witch,2016,1,2019-07-26,
tt0383222,BloodRayne,2006,1,2014-06-28,
tt0144120,Bride of Chucky,1998,1,2016-01-28,
tt7752126,Brightburn,2019,1,2021-05-21,
tt0305669,Bringing Down the House,2003,1,2014-06-22,
tt1587828,Bruna Surfistinha,2011,1,2014-06-22,
tt6204340,Bullet Head,2017,1,2019-07-23,
tt0245803,Bulletproof Monk,2003,1,2014-06-28,
tt0103923,Captain America,1990,1,2015-05-27,
tt0429743,O Casamento de Romeu e Julieta,2005,1,2014-06-28,
tt0312528,The Cat in the Hat,2003,1,2014-06-22,
tt0327554,Catwoman,2004,1,2014-06-21,
tt0305357,Charlie's Angels: Full Throttle,2003,1,2014-06-21,
tt0452598,Cheaper by the Dozen 2,2005,1,2014-06-28,
tt0317303,Daddy Day Care,2003,1,2014-06-28,
tt0287978,Daredevil,2003,1,2014-06-21,
tt0363547,Dawn of the Dead,2004,1,2014-06-22,
tt1241317,Death Note,2017,1,2018-07-28,
tt0419684,Didi Quer Ser Criança,2004,1,2014-06-28,
tt0419706,Doom,2005,1,2014-06-21,
tt0118998,Dr. Dolittle,1998,1,2014-06-21,
tt0240462,Dr. Dolittle 2,2001,1,2014-06-21,
tt1098327,Dragonball Evolution,2009,1,2014-06-21,
tt0116136,Dragonheart,1996,1,2014-06-21,
tt0377818,The Dukes of Hazzard,2005,1,2014-06-22,
tt0190374,Dungeons &amp; Dragons,2000,1,2014-06-29,
tt0271367,Eight Legged Freaks,2002,1,2014-06-22,
tt0357277,Elektra,2005,1,2014-06-21,
tt0326856,Envy,2004,1,2014-06-28,
tt0799949,Epic Movie,2007,1,2015-12-22,
tt0449010,Eragon,2006,1,2014-06-29,
tt0413099,Evan Almighty,2007,1,2014-06-21,
tt1984153,Excision,2012,1,2019-12-01,
tt1013752,Fast & Furious,2009,1,2015-02-16,
tt0232500,The Fast and the Furious,2001,1,2014-06-21,
tt1727261,Father's Day,2011,1,2014-06-29,
tt0446059,Fearless,2006,1,2014-06-28,
tt0309593,Final Destination 2,2003,1,2014-06-23,
tt0414982,Final Destination 3,2006,1,2014-06-22,
tt0377062,Flight of the Phoenix,2004,1,2014-06-29,
tt0408790,Flightplan,2005,1,2014-06-22,
tt0109813,The Flintstones,1994,1,2014-06-28,
tt0119137,Flubber,1997,1,2014-06-22,
tt0329101,Freddy Vs. Jason,2003,1,2014-06-21,
tt0106965,Free Willy,1993,1,2014-06-22,
tt0113114,Free Willy 2: The Adventure Home,1995,1,2015-05-27,
tt0369441,Fun with Dick and Jane,2005,1,2014-06-22,
tt8914492,Game Over,2019,1,2019-10-12,
tt0356634,Garfield,2004,1,2014-06-21,
tt0119190,George of the Jungle,1997,1,2014-06-21,
tt0259324,Ghost Rider,2007,1,2014-06-21,
tt1071875,Ghost Rider: Spirit of Vengeance,2012,1,2014-06-28,
tt0288477,Ghost Ship,2002,1,2014-06-22,
tt0265208,The Girl Next Door,2004,1,2014-06-22,
tt0990407,The Green Hornet,2011,1,2014-06-22,
tt1133985,Green Lantern,2011,1,2014-06-28,
tt0385002,Green Street Hooligans,2005,1,2014-06-21,
tt0373883,Halloween,2007,1,2014-06-28,
tt0448157,Hancock,2008,1,2014-06-21,
tt0116483,Happy Gilmore,1996,1,2015-02-16,
tt0338094,The Haunted Mansion,2003,1,2014-06-24,
tt0492044,The Haunting in Connecticut,2009,1,2014-06-22,
tt0400497,Herbie: Fully Loaded,2005,1,2014-06-29,
tt0454841,The Hills Have Eyes,2006,1,2014-09-15,
tt0371724,The Hitchhiker's Guide to the Galaxy,2005,1,2014-06-21,
tt0329200,Home Alone 4,2002,1,2014-06-21,
tt0317676,House of the Dead,2003,1,2014-06-28,
tt0251127,How to Lose a Guy in 10 Days,2003,1,2014-06-22,
tt0286716,Hulk,2003,1,2014-06-21,
tt0388125,In Her Shoes,2005,1,2014-06-24,
tt0141369,Inspector Gadget,1999,1,2014-06-21,
tt1228705,Iron Man 2,2010,1,2014-06-21,
tt0116669,Jack,1996,1,2014-06-22,
tt0141109,Jack Frost,1998,1,2016-01-11,
tt1116184,Jackass 3-D,2010,1,2014-06-29,
tt0322802,Jackass: The Movie,2002,1,2014-06-21,
tt0261392,Jay and Silent Bob Strike Back,2001,1,2014-06-22,
tt0263488,Jeepers Creepers,2001,1,2014-06-29,
tt0116707,Joe's Apartment,1996,1,2014-06-29,
tt0401729,John Carter,2012,1,2014-06-28,
tt0274166,Johnny English,2003,1,2014-06-28,
tt0110216,Junior,1994,1,2014-06-21,
tt1564367,Just Go with It,2011,1,2014-06-21,
tt0425123,Just Like Heaven,2005,1,2014-06-22,
tt0305711,Just Married,2003,1,2014-06-22,
tt0257568,Kangaroo Jack,2003,1,2014-06-22,
tt1155076,The Karate Kid,2010,1,2014-06-28,
tt0448011,Knowing,2009,1,2014-06-21,
tt0240468,Kung Pow: Enter the Fist,2002,1,2014-06-22,
tt0335245,The Ladykillers,2004,1,2014-06-28,
tt1043726,The Legend of Hercules,2014,1,2020-05-02,
tt0430304,Little Man,2006,1,2015-05-27,
tt0097778,Look Who's Talking,1989,1,2016-07-13,
tt0100050,Look Who's Talking Too,1990,1,2015-05-27,
tt0351283,Madagascar,2005,1,2014-06-21,
tt0479952,Madagascar: Escape 2 Africa,2008,1,2014-06-21,
tt0467197,Max Payne,2008,1,2014-06-21,
tt0288045,The Medallion,2003,1,2014-06-28,
tt1073498,Meet the Spartans,2008,1,2014-06-29,
tt0203019,Men of Honor,2000,1,2014-06-23,
tt0212346,Miss Congeniality,2000,1,2014-06-21,
tt1229238,Mission: Impossible - Ghost Protocol,2011,1,2014-06-22,
tt0369735,Monster-in-Law,2005,1,2014-06-28,
tt0453451,Mr. Bean's Holiday,2007,1,2014-06-28,
tt0277371,Not Another Teen Movie,2001,1,2015-05-27,
tt0136436,O Noviço Rebelde,1997,1,2014-06-28,
tt0196811,Olga,2004,1,2014-06-28,
tt0368909,Ong-Bak: The Thai Warrior,2003,1,2014-09-15,
tt0470055,Open Water 2: Adrift,2006,1,2019-12-07,
tt1114740,Paul Blart: Mall Cop,2009,1,2014-06-22,
tt7772580,The Perfection,2018,1,2019-07-30,
tt0247638,The Princess Diaries,2001,1,2014-06-28,
tt1636826,Project X,2012,1,2014-06-28,
tt0427954,The Protector,2005,1,2014-06-21,
tt0330793,The Punisher,2004,1,2014-06-21,
tt4154916,Replicas,2018,1,2019-10-29,
tt0120804,Resident Evil,2002,1,2014-06-21,
tt0318627,Resident Evil: Apocalypse,2004,1,2014-06-21,
tt1031969,The Rocker,2008,1,2014-06-22,
tt0165929,Romeo Must Die,2000,1,2014-06-29,
tt1136684,Run! Bitch Run!,2009,1,2014-08-25,
tt0318649,Sahara,2005,1,2014-06-22,
tt0432348,Saw II,2005,1,2014-06-23,
tt0489270,Saw III,2006,1,2014-06-22,
tt0890870,Saw IV,2007,1,2014-06-22,
tt1781896,The Scorpion King 3: Battle for Redemption,2012,1,2014-06-28,
tt0277296,The Scorpion King,2002,1,2014-06-22,
tt0448927,Se Eu Fosse Você,2006,1,2014-06-28,
tt1099227,Se Eu Fosse Você 2,2009,1,2014-06-22,
tt0846789,The Secret,2006,1,2014-06-22,
tt0376873,"Sexo, Amor e Traição",2004,1,2014-06-28,
tt0358135,Shall We Dance?,2004,1,2014-06-28,
tt0256380,Shallow Hal,2001,1,2014-06-22,
tt0300471,Shanghai Knights,2003,1,2014-06-28,
tt0184894,Shanghai Noon,2000,1,2014-06-21,
tt0286112,Shaolin Soccer,2001,1,2014-06-21,
tt0307453,Shark Tale,2004,1,2014-06-28,
tt0454945,She's the Man,2006,1,2014-06-22,
tt0192612,Simão o Fantasma Trapalhão,1998,1,2014-06-28,
tt0811073,Slaughtered Vomit Dolls,2006,1,2019-07-18,
tt0413300,Spider-Man 3,2007,1,2014-06-28,
tt0227538,Spy Kids,2001,1,2014-06-21,
tt0287717,Spy Kids 2: The Island of Lost Dreams,2002,1,2014-06-28,
tt0338459,Spy Kids 3-D: Game Over,2003,1,2014-06-28,
tt1273678,The Spy Next Door,2010,1,2014-06-21,
tt0086361,Staying Alive,1983,1,2020-04-10,
tt0111301,Street Fighter,1994,1,2014-06-29,
tt0108255,Super Mario Bros.,1993,1,2014-06-21,
tt0390521,Super Size Me,2004,1,2014-06-21,
tt0426592,Superhero Movie,2008,1,2014-06-22,
tt0348150,Superman Returns,2006,1,2014-06-21,
tt0316732,Taxi,2004,1,2014-06-28,
tt1340138,Terminator Genisys,2015,1,2015-08-11,
tt0420294,The Texas Chainsaw Massacre: The Beginning,2006,1,2014-06-28,
tt0418279,Transformers,2007,1,2014-06-21,
tt1055369,Transformers: Revenge of the Fallen,2009,1,2014-06-28,
tt0293662,The Transporter,2002,1,2014-06-29,
tt0290095,The Tuxedo,2002,1,2014-06-28,
tt1099212,Twilight,2008,1,2014-06-21,
tt1324999,The Twilight Saga: Breaking Dawn - Part 1,2011,1,2014-06-28,
tt1325004,The Twilight Saga: Eclipse,2010,1,2016-01-28,
tt1259571,The Twilight Saga: New Moon,2009,1,2014-06-21,
tt0370032,Ultraviolet,2006,1,2014-06-28,
tt0320691,Underworld,2003,1,2014-06-21,
tt3462710,Unforgettable,2017,1,2020-05-31,
tt0338526,Van Helsing,2004,1,2014-06-21,
tt0493464,Wanted,2008,1,2014-06-21,
tt0396269,Wedding Crashers,2005,1,2014-06-28,
tt0209475,The Wedding Planner,2001,1,2014-06-28,
tt0207201,What Women Want,2000,1,2014-06-22,
tt0450345,The Wicker Man,2006,1,2014-06-28,
tt0120891,Wild Wild West,1999,1,2014-06-22,
tt5322012,Wish Upon,2017,1,2019-11-17,
tt5913798,Wounds,2019,1,2019-10-29,
tt0294543,Xuxa e os Duendes,2001,1,2014-06-21,
tt0295701,xXx,2002,1,2014-06-24,
tt0481254,Zuzu Angel,2006,1,2016-07-13,
